gender,birth_year,c_educ,c_income,c_health,c_hukou,c_sc,p_sc,f_educ
1,1988,9,100000,3,1,7,7,6
1,1984,10,150000,4,5,4,2,6
1,1992,11,170000,3,1,5,3,4
1,1997,10,10000,4,5,5,5,4
1,1996,10,9999997,5,5,3,3,6
1,1988,13,100000,5,5,5,5,7
1,1984,12,90000,5,5,5,5,4
1,1988,4,30000,5,1,3,3,4
2,1987,12,9999999,4,1,2,2,4
2,1982,12,120000,3,5,4,4,6
1,1985,12,9999999,4,3,4,1,6
1,1984,12,150000,3,3,5,7,9
1,1985,6,50000,5,1,3,2,6
2,1995,10,48000,5,5,1,1,6
2,1981,4,20000,4,1,4,2,3
1,1982,6,10000,2,1,3,2,4
2,1990,13,50000,5,5,1,10,12
1,1984,4,70000,4,1,5,5,4
2,1996,6,50000,3,1,5,5,3
2,1991,10,80000,4,5,5,5,4
1,1994,12,30000,4,5,3,1,6
1,1992,5,100000,5,5,6,6,6
2,1985,10,50000,4,5,3,2,6
1,1983,10,60000,4,5,4,7,4
2,1984,13,170000,5,5,5,5,6
2,1995,12,9999999,4,1,5,5,6
1,1991,6,40000,4,1,2,2,3
2,1990,10,50000,5,1,3,2,3
1,1992,6,120000,4,1,2,5,4
1,1990,8,30000,5,1,2,1,4
2,1994,10,10000,5,1,4,4,6
2,1982,12,70000,4,5,6,5,3
2,1993,12,50000,4,5,7,4,7
1,1986,13,9999999,5,5,5,5,11
2,1984,12,100000,4,5,5,5,4
1,1997,6,0,5,5,5,6,12
1,1999,12,0,5,5,4,4,6
1,1980,13,9999999,5,5,5,5,99
2,1985,11,0,4,4,5,5,6
1,1991,12,100000,4,3,5,5,7
1,1982,13,150000,5,5,2,4,3
2,1988,12,50000,4,1,5,3,4
2,1983,12,60000,5,1,4,3,4
2,1995,6,36000,3,5,6,3,6
2,1991,12,100000,5,5,5,5,99
1,1980,13,120000,5,5,4,3,9
2,1982,12,100000,4,5,4,3,6
2,1987,12,180000,4,5,5,4,6
1,1993,11,100000,5,5,4,4,6
2,1981,13,40000,4,2,5,7,4
1,1988,12,80000,4,5,4,4,6
1,1989,12,200000,4,5,6,6,10
2,1988,10,100000,5,5,5,5,98
1,1980,4,30000,5,1,2,2,3
1,1993,4,50000,4,5,5,8,98
2,1982,6,0,4,4,5,5,4
2,1982,13,200000,4,1,4,6,9
2,1985,12,130000,4,1,3,2,4
2,1988,12,200000,4,5,5,5,6
2,1986,13,200000,4,5,6,6,10
1,1982,7,300000,4,5,3,2,98
1,1990,13,200000,5,4,2,2,6
1,1982,12,80000,2,1,2,3,6
1,1995,5,30000,2,5,6,5,4
2,1992,12,50000,4,5,8,10,6
2,1990,12,66000,4,5,5,3,6
1,1983,12,80000,3,2,5,8,6
1,1985,10,200000,3,5,5,6,6
2,1987,12,50000,4,2,4,4,11
2,1980,9,9999999,3,5,5,4,4
1,1987,13,130000,4,5,98,98,4
2,1990,10,100000,4,5,4,5,10
2,1990,12,80000,3,2,1,5,7
2,1988,10,40000,4,5,1,1,6
1,1984,12,230000,3,5,6,8,6
1,1981,12,100000,5,5,5,5,11
1,1985,12,120000,4,3,6,5,4
1,1987,12,300000,5,5,6,6,4
1,1997,10,15000,4,5,7,7,10
1,1981,12,350000,4,3,3,3,7
1,1992,10,100000,4,1,5,4,4
1,1982,11,1000000,4,4,6,6,6
1,1986,9,150000,5,2,5,4,3
1,1985,12,100000,5,5,5,8,6
2,1984,13,300000,3,5,5,5,6
1,1990,10,120000,4,5,5,4,4
1,1992,13,100000,3,5,4,4,98
1,1995,12,0,5,1,3,3,6
2,1985,11,70000,5,1,5,3,4
1,1985,13,600000,3,3,4,5,5
2,1998,12,0,3,5,5,5,9
1,1983,12,150000,4,5,5,5,4
1,1988,5,100000,3,5,5,5,5
2,1995,12,66000,5,1,7,8,6
1,1995,12,0,3,5,4,5,7
2,1984,12,120000,4,5,5,4,4
2,1986,12,200000,5,5,7,7,1
2,1987,13,190000,5,5,5,5,7
2,1997,10,5000,4,2,4,6,4
2,1997,10,0,5,3,6,6,7
2,1987,12,150000,4,5,4,2,4
2,1991,12,80000,4,5,5,5,6
1,1994,12,8000,3,1,5,3,4
1,1994,12,9999998,3,98,5,6,13
2,1986,12,100000,4,5,5,5,4
1,1993,11,400,5,5,3,6,3
1,1982,6,60000,5,1,5,5,6
1,1995,12,24000,4,5,4,6,13
2,1987,13,200000,5,1,6,5,6
1,1994,10,70000,5,1,5,4,4
1,1987,13,120000,4,5,5,1,6
2,1985,10,0,4,1,6,5,6
2,1982,13,400000,5,3,7,6,98
1,1993,11,0,4,1,6,4,6
2,1989,4,60000,5,1,5,2,4
1,1995,12,0,5,3,4,6,6
2,1994,10,100000,5,5,5,6,6
1,1997,7,30000,5,1,3,3,4
2,1990,12,70000,5,3,5,5,6
2,1989,12,200000,5,1,4,7,9
2,1993,12,0,5,1,7,7,3
2,1993,12,60000,5,3,5,4,4
2,1980,12,0,5,3,6,4,4
2,1996,12,8500,5,5,4,4,4
1,1982,10,150000,4,5,5,5,10
2,1991,4,0,3,2,4,5,3
2,1993,13,0,4,5,6,5,9
1,1982,12,100000,4,5,4,3,9
1,1982,13,300000,5,5,7,6,11
2,1989,12,60000,4,3,98,5,4
2,1994,13,0,5,1,4,4,6
2,1997,8,3000,4,5,3,5,4
2,1992,13,100000,4,5,5,4,6
2,1995,12,2000,3,5,5,5,8
2,1988,10,150000,4,5,6,5,4
1,1987,13,300000,5,1,5,3,6
1,1985,11,100000,3,5,5,5,6
1,1984,12,400000,3,1,5,4,4
1,1980,12,100000,5,1,2,1,3
2,1994,12,20000,4,5,3,7,12
1,1980,12,70000,3,1,5,5,4
1,1990,7,0,5,1,5,5,3
2,1989,11,60000,4,1,1,10,4
2,1987,12,0,5,5,2,1,6
1,1995,4,0,5,3,5,8,4
1,1980,11,120000,4,5,6,3,5
1,1990,7,50000,4,3,2,3,4
2,1986,12,0,4,3,3,3,13
2,1982,12,100000,5,3,5,5,4
1,1988,6,100000,5,1,4,3,4
2,1999,4,9999999,5,1,98,99,3
2,1983,10,700000,3,1,5,2,6
2,1987,4,0,5,1,3,4,4
2,1980,5,0,4,1,3,9,4
2,1980,10,150000,5,5,6,6,4
1,1981,13,220000,4,99,7,2,6
1,1988,12,80000,4,1,3,1,3
2,1987,13,170000,3,5,4,5,12
1,1981,13,100000,5,1,4,2,6
1,1993,12,80000,4,5,6,5,3
2,1988,13,80000,4,1,5,5,4
2,1997,12,0,4,4,4,4,6
1,1983,13,150000,4,1,8,6,9
1,1988,10,0,4,1,3,3,6
2,1982,9,0,3,5,4,4,4
2,1985,12,100000,4,5,5,5,4
2,1983,4,9999999,5,1,3,2,4
2,1996,12,0,4,5,7,7,5
2,1994,6,36000,3,1,4,5,7
1,1987,13,150000,4,5,7,8,11
1,1986,7,36000,4,5,5,3,6
1,1998,12,50000,5,5,6,8,4
1,1991,10,200000,1,1,1,1,4
2,1987,4,20000,5,1,4,4,3
2,1994,12,9999997,4,5,2,7,12
2,1988,13,250000,5,5,6,6,12
2,1987,12,150000,3,5,5,3,6
2,1992,12,150000,5,5,3,3,6
1,1992,11,120000,3,5,3,2,11
1,1982,4,0,4,1,5,6,3
2,1988,12,136400,5,5,6,6,98
2,1987,11,120000,5,5,5,5,9
1,1985,12,400000,4,5,7,6,6
1,1987,12,200000,2,5,4,3,6
1,1990,13,48000,3,5,3,3,10
2,1992,13,90000,4,5,6,7,12
1,1984,12,300000,4,5,6,4,6
2,1983,12,1000000,3,5,6,7,6
2,1986,9,45000,3,4,3,5,6
1,1983,7,100000,4,1,1,5,3
1,1997,12,0,3,5,6,6,6
2,1984,11,125000,5,1,6,6,6
2,1986,9,65000,2,4,3,2,12
1,1982,10,100000,5,1,4,3,3
2,1984,13,9888888,5,5,5,5,12
1,1983,4,50000,3,5,5,7,6
2,1984,11,150000,2,5,2,2,4
1,1981,12,110000,5,1,5,2,4
1,1988,10,100000,3,5,5,5,6
1,1986,12,150000,3,5,6,5,12
1,1984,10,25000,4,4,1,2,11
1,1984,12,400000,4,1,6,4,3
1,1998,12,9999997,4,5,6,6,12
2,1987,12,70000,5,1,8,4,4
1,1991,12,150000,4,5,4,4,12
2,1988,6,0,4,1,5,3,4
1,1982,13,400000,4,5,6,5,12
1,1985,12,200000,3,4,3,2,6
1,1993,12,0,4,2,3,3,6
2,1987,13,100000,3,5,6,6,98
2,1980,6,10000,5,3,3,7,3
1,1981,7,80000,5,1,2,2,10
2,1990,10,90000,3,1,5,3,6
1,1989,10,90000,5,1,5,5,4
1,1980,6,50000,5,1,7,5,4
1,1984,4,30000,3,1,1,1,3
1,1981,6,100000,5,1,6,1,3
1,1992,5,50000,5,1,4,6,3
2,1989,11,0,4,1,5,2,4
2,1999,3,0,1,1,5,5,4
2,1994,10,30000,5,1,2,1,3
2,1982,7,0,2,2,2,2,3
2,1989,11,54000,3,1,5,3,4
2,1985,6,120000,5,1,6,5,4
2,1992,12,90000,5,5,5,5,12
1,1991,11,60000,4,1,5,3,4
2,1996,12,0,4,3,6,8,7
2,1987,11,120000,4,3,5,2,4
1,1997,12,0,5,4,7,7,9
2,1985,11,12000,5,1,5,4,6
1,1988,7,100000,4,1,2,1,3
2,1984,11,72000,4,1,6,6,6
1,1983,10,220000,4,1,5,3,6
1,1980,5,67000,3,1,6,6,4
2,1983,4,50000,5,3,5,2,6
1,1982,13,200000,3,1,6,4,3
1,1985,11,120000,4,3,3,3,7
2,1986,4,0,4,1,3,3,3
1,1983,4,9999997,5,1,6,5,6
1,1987,4,80000,4,1,4,6,4
1,1985,6,50000,5,1,5,3,6
2,1994,10,18000,4,1,6,6,13
1,1997,12,7000,2,2,5,5,6
2,1983,10,0,3,1,1,3,3
2,1984,10,75000,3,1,4,3,4
2,1994,4,0,3,1,2,2,1
2,1989,10,80000,4,1,5,5,6
2,1991,12,75000,4,1,5,4,4
1,1991,5,60000,4,1,4,3,4
1,1983,6,60000,5,1,1,1,4
2,1995,6,0,3,1,2,1,1
2,1988,12,80000,4,2,4,2,7
1,1994,7,100000,4,5,5,5,12
2,1987,10,30000,4,4,3,2,6
1,1994,12,17000,5,2,2,4,10
2,1987,9,60000,4,4,5,4,7
2,1996,12,9999997,5,4,2,1,6
2,1996,12,0,4,4,5,5,5
1,1991,10,80000,5,3,4,4,4
2,1982,9,80000,2,5,5,5,5
2,1995,7,40000,5,3,4,4,4
2,1995,12,9999997,5,4,3,6,4
1,1990,9,120000,2,2,4,4,6
2,1982,4,5000,4,1,1,1,4
2,1981,10,70000,5,1,5,2,3
2,1993,10,12000,4,2,5,5,1
2,1991,12,100000,4,1,4,2,3
2,1989,8,100000,4,1,4,2,4
2,1984,13,100000,4,1,7,6,6
2,1990,10,40000,4,5,5,4,6
1,1984,6,0,5,1,1,6,3
1,1987,7,100000,3,1,5,4,4
2,1989,4,50000,4,4,5,5,4
1,1996,10,80000,5,3,3,1,4
1,1992,5,80000,4,4,5,4,6
1,1996,6,40000,4,1,2,1,3
2,1988,11,50000,3,5,3,4,7
1,1988,12,800000,5,1,8,5,6
2,1983,6,20000,4,5,5,8,6
1,1998,10,0,5,1,5,5,5
1,1982,12,200000,3,1,5,1,6
2,1998,6,0,5,1,5,4,4
1,1985,4,60000,5,1,3,1,1
1,1989,6,50000,5,1,3,4,4
2,1983,3,8000,4,1,1,1,3
2,1988,4,0,4,1,5,3,6
2,1988,4,10000,4,1,4,3,4
1,1981,3,50000,5,2,5,2,4
1,1989,7,70000,5,1,1,5,4
1,1987,3,9000,3,1,1,1,3
1,1992,6,65000,3,1,4,3,4
2,1989,6,60000,5,1,5,10,3
1,1994,12,3000,5,2,3,5,6
1,1988,6,50000,4,1,3,2,3
1,1988,9,30000,4,1,3,1,3
2,1986,7,36000,5,1,5,3,4
1,1995,4,20000,5,1,5,5,3
2,1981,10,30000,4,2,5,5,4
2,1996,4,35000,5,4,3,3,4
1,1996,12,1000,4,5,6,6,6
1,1983,12,500000,3,2,6,8,7
2,1991,11,150000,4,5,7,4,14
2,1982,10,0,4,1,7,6,6
2,1990,4,0,4,1,5,4,6
2,1984,12,9999999,4,1,6,5,6
2,1983,12,120000,3,5,5,4,3
2,1983,10,0,4,5,6,6,6
2,1990,11,40000,4,1,3,4,6
2,1980,12,100000,3,1,5,5,6
1,1995,12,0,5,1,5,6,4
1,1982,11,100000,5,5,5,3,6
2,1990,12,100000,5,5,5,5,4
2,1987,1,300000,3,5,6,6,10
1,1980,13,200000,3,5,7,6,12
2,1993,12,40000,5,1,3,5,4
2,1987,14,9999999,5,99,2,2,99
2,1985,12,150000,5,4,5,3,10
1,1987,10,130000,5,2,4,2,3
1,1987,13,300000,4,1,6,3,4
1,1988,10,120000,2,5,3,3,10
1,1992,12,40000,5,1,5,4,3
1,1980,4,40000,3,1,1,1,3
2,1985,10,50000,4,5,5,5,6
2,1987,10,100000,3,1,3,4,6
1,1985,6,100000,3,1,5,6,3
1,1982,4,65000,2,1,4,2,3
1,1985,12,180000,2,1,5,3,3
1,1981,4,50000,4,1,1,1,4
2,1990,10,0,4,4,5,7,4
2,1985,4,0,5,1,5,5,1
2,1988,13,10000,5,1,4,2,3
2,1984,11,50000,3,1,5,3,3
1,1987,12,80000,4,5,3,3,12
2,1982,13,150000,4,3,5,5,6
2,1982,5,24000,2,1,1,1,3
1,1996,4,50000,5,1,6,3,3
1,1989,6,36000,5,1,6,6,4
1,1984,7,40000,3,3,3,3,6
2,1989,4,0,4,1,7,7,6
2,1981,7,50000,5,1,1,1,3
2,1983,10,100000,4,1,4,2,4
2,1989,12,60000,5,1,4,2,6
1,1991,10,300000,5,4,1,1,4
2,1983,4,0,3,1,3,4,3
1,1982,4,50000,5,1,5,1,3
1,1980,9,60000,4,1,5,4,3
1,1999,6,0,5,4,1,2,6
1,1994,11,20000,3,2,6,5,4
1,1985,12,90000,3,3,3,2,4
2,1990,7,60000,4,4,5,6,6
2,1993,7,100000,4,1,2,1,4
1,1999,6,0,4,1,5,5,4
2,1986,10,30000,4,1,1,1,3
1,1986,7,45000,3,1,1,5,3
1,1985,10,35000,5,1,5,5,4
2,1990,10,50000,4,1,8,5,4
2,1987,9,48000,4,1,5,4,3
2,1988,7,80000,4,5,9,5,98
1,1995,12,0,5,1,7,7,6
1,1987,4,40000,4,1,4,2,1
1,1993,10,20000,5,5,5,5,4
1,1996,12,0,4,5,2,6,3
1,1984,9,30000,2,5,5,3,4
1,1983,12,120000,5,3,4,4,99
1,1981,12,100000,4,5,4,4,10
2,1981,9,18000,4,4,5,4,3
1,1993,12,36000,4,5,6,5,6
1,1980,12,200000,4,1,6,4,4
2,1995,6,0,5,5,2,1,9
1,1981,9,20000,2,5,3,4,4
2,1986,12,60000,4,1,4,2,6
1,1985,6,20000,2,5,5,7,3
2,1986,7,0,3,5,4,3,6
1,1986,12,100000,4,5,7,5,12
2,1982,12,9999999,4,5,5,5,12
1,1992,12,80000,5,5,4,4,10
1,1981,12,120000,4,5,6,4,98
2,1994,12,0,5,1,2,3,3
1,1983,5,70000,4,1,3,2,4
1,1985,3,20000,4,1,2,1,3
1,1996,12,0,4,5,3,3,4
2,1983,9,60000,5,5,6,4,6
2,1993,12,100000,5,5,7,5,4
2,1985,12,50000,5,5,7,6,4
1,1994,12,0,4,5,5,5,4
1,1989,12,10000,5,4,4,4,3
1,1982,12,85000,3,5,3,2,4
1,1987,12,100000,3,3,5,3,4
1,1996,10,1400,4,5,5,6,1
2,1990,12,70000,4,1,3,1,3
2,1993,12,50000,4,5,5,4,4
2,1993,12,0,5,1,4,3,4
1,1983,10,23500,3,5,2,1,4
1,1995,3,15000,4,1,3,2,1
1,1989,10,70000,4,5,4,3,6
2,1987,12,64000,3,3,5,5,6
1,1989,12,100000,4,2,2,2,4
2,1989,10,24000,2,5,4,3,6
1,1984,10,42000,2,5,3,5,6
2,1986,12,70000,5,1,3,2,6
2,1993,7,24000,3,6,4,6,6
2,1982,12,0,4,5,5,4,6
1,1985,13,80000,3,1,6,4,7
1,1981,12,50000,4,5,5,5,4
2,1982,12,80000,5,5,7,8,4
2,1989,12,200000,4,5,6,6,10
1,1983,13,9999999,5,1,6,5,4
1,1993,12,100000,4,1,2,2,6
2,1992,1,50000,4,5,3,6,6
1,1984,6,60000,4,5,4,4,1
2,1984,10,36000,4,5,6,6,6
2,1992,5,30000,5,5,2,2,4
1,1992,12,100000,5,1,2,5,4
2,1987,4,0,4,1,3,5,4
1,1987,3,25000,5,1,1,1,3
2,1985,10,0,4,2,5,5,6
2,1981,7,60000,4,5,5,5,3
1,1982,4,100000,4,1,5,5,6
1,1992,10,0,5,5,3,3,6
2,1987,10,65000,5,5,4,4,3
1,1982,4,30000,5,4,6,5,4
2,1990,12,100000,5,5,3,2,4
2,1984,12,30000,5,1,4,5,4
2,1984,10,0,3,5,7,7,4
2,1987,13,70000,4,1,6,3,4
2,1997,10,0,4,1,4,5,4
2,1989,7,9999998,5,5,1,1,98
1,1983,4,40000,3,1,5,5,4
2,1983,10,300000,5,5,6,3,4
1,1984,4,70000,3,3,6,7,1
2,1980,5,30000,4,5,4,4,3
2,1986,4,30000,4,1,5,3,3
1,1991,12,160000,5,5,5,5,8
1,1986,4,50000,3,1,1,5,6
1,1980,6,0,3,1,3,10,6
2,1989,10,0,5,2,8,10,4
1,1985,10,70000,3,4,2,3,4
1,1995,12,0,4,1,7,3,4
2,1980,12,50000,3,1,3,1,4
1,1994,7,24000,5,4,8,8,3
1,1991,6,100000,4,5,4,3,4
2,1982,10,40000,5,1,4,6,3
2,1988,12,0,5,1,1,1,3
2,1984,3,0,4,1,1,1,4
1,1983,4,40000,5,1,4,4,3
1,1986,10,70000,4,1,5,1,1
1,1991,4,30000,5,1,1,5,4
2,1981,10,50000,4,2,3,2,1
1,1986,12,55000,5,2,4,4,10
1,1981,7,25000,3,1,2,2,3
2,1980,6,25000,3,1,2,1,3
2,1980,12,60000,5,1,4,3,4
2,1981,7,40000,4,1,4,3,3
1,1982,10,50000,3,1,2,2,4
2,1987,9,0,4,1,2,2,4
1,1981,7,30000,4,1,6,3,4
1,1988,7,50000,5,1,3,4,4
2,1998,4,0,4,1,5,5,8
2,1983,10,20000,2,1,6,6,12
1,1982,9,100000,5,1,4,3,4
2,1987,4,25000,5,1,3,2,4
2,1989,10,30000,4,1,3,3,4
2,1983,11,100000,4,1,3,2,3
2,1983,12,50000,5,1,7,5,6
1,1980,7,40000,4,1,1,1,3
1,1982,10,60000,4,1,5,3,6
1,1981,9,60000,4,1,5,3,3
2,1982,4,30000,2,3,5,2,3
1,1985,3,9999997,3,2,1,1,1
1,1983,6,30000,3,2,3,3,6
1,1983,4,15000,4,5,5,2,4
2,1988,12,0,3,5,5,4,98
2,1988,4,10000,3,1,4,2,4
1,1985,4,30000,5,1,4,1,4
2,1983,3,10000,4,1,6,3,6
2,1986,4,9999997,3,1,4,4,4
2,1981,4,25000,5,1,4,1,3
2,1983,6,9999997,3,1,5,7,14
2,1986,4,0,4,1,4,3,3
2,1996,4,0,3,3,5,5,3
1,1987,6,25000,4,1,3,2,98
2,1987,12,9999997,4,1,6,4,4
1,1998,4,12000,5,1,5,4,4
2,1991,4,0,4,1,3,5,4
1,1987,9,15000,5,1,3,3,6
2,1995,10,5000,3,1,4,3,4
2,1986,4,2000,5,1,5,6,6
2,1996,12,9999997,2,1,4,4,3
2,1988,7,30000,4,1,3,3,4
2,1981,4,9999997,4,1,3,6,3
2,1981,3,10000,3,1,4,3,3
2,1988,4,0,4,1,4,4,98
2,1986,11,40000,5,3,5,7,6
1,1981,10,20000,5,1,5,3,6
2,1996,12,0,4,3,4,4,4
1,1991,10,30000,5,1,5,4,3
2,1986,12,40000,4,3,5,3,6
1,1982,12,100000,5,3,5,5,4
1,1997,12,0,5,3,2,3,6
2,1988,7,50000,4,1,8,2,3
2,1992,1,20000,5,5,6,5,5
1,1989,9,80000,2,5,5,3,6
2,1987,10,0,3,1,3,2,7
1,1986,4,40000,5,1,1,1,4
1,1988,4,24000,5,1,5,5,4
1,1981,4,12000,3,1,1,1,4
2,1983,4,12000,2,1,6,3,3
2,1996,12,500,5,1,4,3,4
1,1981,4,25000,4,1,5,5,4
2,1988,10,20000,5,1,1,4,6
1,1988,4,30000,4,1,2,2,6
1,1982,4,30000,5,1,3,1,4
1,1982,4,30000,3,1,3,3,4
2,1991,4,0,3,1,6,5,3
2,1987,4,0,5,1,5,5,4
1,1988,4,10000,4,1,5,4,4
2,1982,4,40000,5,1,5,3,3
1,1995,4,20000,5,1,5,4,4
2,1993,4,0,5,1,5,5,4
2,1994,9,40000,4,2,5,5,4
1,1983,12,72000,4,5,4,1,11
1,1996,6,0,5,5,5,4,10
1,1990,5,30000,4,3,3,2,4
1,1994,12,18000,3,5,6,4,6
2,1988,10,0,4,1,5,3,4
1,1993,4,9999999,4,5,10,5,6
1,1991,4,30000,5,5,2,2,5
2,1991,4,9999998,5,1,98,98,4
2,1997,4,20000,5,2,6,4,6
2,1987,4,0,4,1,6,4,3
1,1981,9,50000,5,5,5,5,6
1,1992,12,40000,4,5,3,4,10
2,1984,12,100000,4,5,4,3,6
2,1986,13,72000,5,5,4,2,10
2,1997,12,0,3,5,4,3,6
1,1992,12,70000,4,5,3,2,12
2,1998,6,0,4,3,5,4,4
1,1991,13,6000,4,5,5,5,12
2,1989,12,50000,4,5,8,8,7
1,1987,10,100000,3,5,5,3,6
1,1985,12,70000,4,5,5,3,4
2,1997,12,0,5,5,4,4,6
1,1995,12,1700,2,3,2,4,10
2,1993,13,0,5,3,5,5,4
1,1988,6,100000,4,1,5,3,3
2,1994,11,10000,4,4,3,4,6
2,1982,10,0,4,3,4,4,98
1,1984,12,9999999,4,5,7,5,6
1,1994,12,0,4,1,3,2,4
2,1996,12,0,4,1,98,98,3
1,1993,7,30000,4,1,6,7,3
1,1986,10,60000,4,5,3,3,4
1,1995,9,50000,1,5,98,98,6
2,1992,12,40000,5,5,3,2,7
1,1992,13,6000,4,5,3,6,6
1,1990,4,40000,5,1,4,2,3
2,1983,4,9999997,4,1,2,4,4
2,1983,3,9999997,5,1,4,4,4
1,1983,3,9999999,1,1,3,3,1
2,1993,7,4000,5,1,2,2,3
1,1992,10,10000,5,1,4,3,4
2,1989,7,9000,4,1,3,2,4
1,1987,4,40000,5,1,1,1,3
2,1990,10,20000,4,3,4,2,6
2,1987,10,10000,5,1,4,4,6
1,1999,6,9999997,4,3,3,2,4
1,1997,11,9999997,5,3,4,6,4
2,1996,12,9999997,5,1,4,4,4
2,1997,12,9999997,4,3,5,5,9
1,1999,6,9999997,5,3,5,4,12
1,1994,13,9999997,2,3,5,4,3
2,1997,12,9999997,3,3,5,5,4
1,1999,6,9999997,5,1,4,3,4
2,1986,9,9999997,4,1,5,5,4
2,1986,12,9999999,5,3,4,4,4
1,1985,7,60000,4,1,4,5,3
2,1994,12,9999997,3,1,4,2,4
2,1998,12,9999997,5,3,4,5,6
1,1987,10,20000,4,1,5,4,4
2,1987,5,8000,4,1,2,2,5
2,1988,9,9999997,5,3,2,98,98
2,1993,5,10000,5,1,2,2,4
2,1989,4,9999999,5,1,5,3,3
1,1995,7,10000,5,1,1,1,4
1,1980,4,30000,5,1,4,4,1
1,1982,5,100000,4,1,5,3,3
1,1998,11,0,5,3,5,4,9
2,1996,12,2500,4,3,5,8,6
1,1983,12,49200,5,3,4,4,13
1,1985,10,30000,4,1,5,4,6
1,1991,7,50000,5,1,6,4,3
2,1990,10,9999999,5,3,5,5,6
2,1992,7,16800,4,1,5,1,3
2,1997,7,9999997,5,5,4,4,3
1,1985,6,0,5,1,5,3,4
1,1981,12,36000,4,1,5,5,10
2,1997,12,0,5,3,6,6,11
2,1987,5,15000,4,1,3,4,4
2,1981,7,24000,5,1,6,4,4
2,1997,6,9000,5,1,4,4,4
2,1983,4,0,5,1,6,7,4
1,1990,6,40000,5,1,5,4,4
2,1999,6,0,5,1,3,5,4
1,1984,6,40000,4,1,6,5,4
1,1980,1,0,5,1,5,3,4
2,1990,6,0,5,1,6,5,98
2,1990,10,0,3,1,4,4,3
1,1982,12,35000,3,1,7,5,4
1,1988,4,24000,5,1,5,3,4
1,1997,6,25000,4,1,5,4,4
2,1983,4,0,4,1,6,98,3
2,1987,3,45000,3,1,4,3,1
2,1984,11,30000,4,1,7,5,3
1,1995,7,9999997,4,1,5,5,6
1,1982,4,12000,4,1,5,4,1
2,1986,6,60000,4,1,4,5,1
2,1996,10,0,3,2,5,5,4
1,1994,6,30000,4,1,5,4,3
2,1993,7,0,5,1,1,1,4
1,1981,4,8000,5,1,5,4,3
2,1992,3,30000,2,1,3,3,1
1,1991,5,42000,5,1,5,98,4
2,1987,3,0,4,1,2,1,1
2,1984,3,0,5,1,5,2,3
1,1980,4,20000,5,1,5,5,3
1,1989,10,40000,4,1,4,4,4
1,1981,4,10000,5,1,4,2,4
2,1982,4,0,4,1,4,2,3
2,1991,13,300000,3,5,7,6,12
2,1996,12,9999997,4,5,3,3,4
2,1989,12,30000,5,5,6,6,4
1,1990,12,300000,2,5,6,5,12
2,1982,4,60000,4,3,3,3,11
1,1985,12,42000,5,5,1,1,4
1,1980,6,45000,4,5,3,3,6
1,1996,6,36000,5,2,2,2,6
1,1993,4,41000,5,1,98,1,3
2,1989,12,150000,5,5,6,5,11
1,1999,6,9999997,4,5,4,4,5
1,1993,4,40000,4,5,2,2,4
1,1988,12,45000,4,2,6,4,4
1,1991,6,50000,4,5,2,3,4
1,1999,6,9999997,4,5,3,2,4
1,1999,6,9999997,4,5,5,4,12
1,1991,12,9999997,4,5,2,3,4
1,1994,12,9999997,5,5,5,5,6
2,1993,12,30000,4,5,5,4,4
1,1988,12,50000,5,1,8,4,4
1,1989,6,80000,5,3,5,4,4
1,1990,11,80000,3,5,5,5,6
2,1980,3,36000,5,5,4,1,1
2,1992,12,35000,5,4,6,6,4
2,1999,6,9999997,4,5,1,4,3
1,1993,12,30000,5,4,6,5,10
1,1980,11,60000,4,5,5,5,7
2,1988,12,80000,4,5,7,5,6
2,1983,4,35000,2,1,2,3,1
1,1996,10,9999997,4,5,5,5,5
2,1993,4,30000,4,1,4,3,1
2,1993,12,30000,5,5,6,5,6
1,1989,12,50000,4,5,4,2,6
2,1996,10,9999997,4,5,5,4,4
1,1999,6,9999997,5,5,5,5,4
2,1989,12,40000,4,5,4,4,6
1,1994,6,100000,4,4,5,2,99
2,1987,12,9999999,4,5,6,5,6
2,1993,12,0,4,5,5,5,4
1,1995,10,80000,4,5,5,3,6
2,1980,11,80000,3,5,3,3,4
2,1992,10,9999999,4,5,5,5,4
2,1985,6,30000,4,1,3,3,1
1,1993,10,9999997,4,5,5,3,4
2,1992,10,40000,4,5,6,5,4
1,1983,12,150000,5,3,7,6,10
2,1993,12,50000,4,5,3,3,4
1,1985,12,90000,4,5,6,2,6
2,1987,12,70000,5,5,5,3,7
1,1984,12,100000,5,5,5,1,4
1,1987,12,100000,4,5,5,3,4
2,1989,6,0,2,5,6,5,4
2,1991,13,9999997,4,1,4,3,3
1,1990,12,200000,2,5,6,5,4
1,1997,12,9999997,4,5,5,6,5
1,1998,12,9999997,5,5,3,3,4
2,1998,12,9999997,5,1,3,3,4
1,1994,10,30000,4,5,3,3,4
2,1997,12,0,4,5,5,5,7
2,1983,4,20000,5,1,3,2,4
2,1990,10,25000,4,5,3,2,3
1,1997,12,9999997,5,5,5,5,10
1,1996,12,9999997,5,5,4,3,4
2,1995,12,9999997,4,5,5,3,7
1,1990,3,42000,4,1,5,5,4
2,1998,12,0,4,5,6,5,6
1,1999,4,20000,5,1,3,3,3
1,1990,13,30000,4,5,3,2,3
2,1982,4,24000,4,1,3,1,1
1,1990,11,20000,5,1,5,4,4
1,1986,9,30000,4,5,2,8,10
1,1993,12,70000,3,5,5,3,10
2,1993,1,9999998,3,5,5,8,4
2,1981,10,9999997,5,4,5,4,4
1,1980,12,70000,4,5,6,4,9
2,1987,6,9999997,5,1,3,10,4
2,1989,13,60000,4,5,6,3,6
2,1997,10,9999997,5,1,4,4,4
2,1995,9,30000,5,5,5,4,6
2,1989,6,20000,5,1,2,1,3
2,1981,12,78000,4,1,6,4,4
1,1989,12,90000,3,1,6,7,10
1,1982,12,150000,5,2,5,7,11
2,1995,12,9999997,5,5,4,4,6
2,1986,12,45000,5,5,4,2,7
1,1980,4,50000,5,1,3,1,4
2,1990,10,30000,4,5,5,3,9
1,1993,4,30000,5,1,2,5,4
1,1987,4,4000,4,1,3,1,3
1,1980,4,30000,3,1,5,2,3
1,1986,7,30000,2,1,2,1,3
1,1987,4,25000,4,1,6,1,4
2,1996,10,9999997,5,1,4,5,4
1,1991,5,9999998,3,5,5,5,3
1,1984,9,50000,4,2,8,5,4
1,1993,4,60000,5,1,5,3,4
2,1984,6,20000,3,5,6,5,6
2,1989,6,9999997,4,3,3,2,4
1,1991,12,80000,4,1,6,3,4
1,1992,7,150000,5,5,7,6,14
2,1986,4,25000,4,3,5,1,98
1,1986,4,20000,5,1,1,1,4
1,1991,12,250000,5,2,7,5,7
2,1981,4,50000,3,1,1,1,3
2,1989,6,9999997,3,2,1,6,4
2,1997,12,9999997,4,5,4,3,3
2,1988,5,35000,4,5,4,2,3
2,1993,4,36000,3,1,4,3,98
1,1992,12,50000,4,1,5,3,4
2,1984,4,15000,4,5,4,1,3
2,1991,10,24000,5,1,2,1,4
1,1992,10,25000,4,1,4,4,3
1,1991,12,9999998,3,5,5,1,4
1,1990,4,36000,4,1,5,2,3
2,1992,12,60000,4,1,6,2,3
1,1994,4,50000,5,5,4,1,4
2,1981,4,30000,5,1,5,3,4
2,1992,6,30000,4,1,4,3,3
1,1995,12,9999997,4,5,4,4,3
2,1993,12,20000,5,5,4,4,6
2,1989,4,9999997,4,1,3,1,4
1,1993,12,9999997,5,5,4,3,4
2,1993,12,50000,4,5,5,4,4
2,1981,12,30000,5,5,5,3,4
2,1982,6,30000,3,5,4,8,5
1,1986,4,80000,4,1,5,2,3
1,1986,4,50000,4,1,2,2,3
2,1982,4,9999997,4,5,3,2,3
2,1994,4,12000,3,5,3,3,4
1,1997,10,9999997,5,5,1,1,12
2,1989,9,20000,5,1,2,2,3
1,1983,6,10000,5,1,1,1,1
2,1989,4,50400,2,1,4,3,6
1,1984,4,36000,5,1,3,2,4
2,1981,4,0,4,5,1,1,3
1,1990,12,50000,5,5,6,4,4
1,1993,12,50000,5,5,7,5,6
1,1988,6,50000,3,2,3,2,98
1,1994,12,100000,4,5,4,3,12
1,1992,12,36000,5,5,4,4,12
2,1981,10,0,5,5,5,3,4
1,1982,4,12000,5,1,1,1,6
2,1989,13,0,5,1,3,3,4
1,1985,4,40000,4,1,4,3,1
2,1982,7,40000,4,5,5,4,3
1,1986,4,100000,5,1,3,1,3
1,1996,9,50000,3,5,4,3,6
2,1990,11,80000,4,5,5,4,11
1,1988,11,50000,4,5,5,4,11
1,1987,13,70000,5,5,5,4,6
1,1989,12,50000,5,3,6,6,6
1,1986,11,70000,4,5,5,4,4
2,1984,4,30000,4,3,5,5,3
2,1995,7,40000,5,5,6,4,4
1,1981,13,700000,5,5,6,5,12
2,1981,4,40000,4,1,5,4,1
2,1990,11,80000,4,5,5,4,11
1,1983,13,40000,3,1,3,5,6
2,1990,12,40000,4,5,6,4,6
1,1991,10,108000,3,1,4,3,3
1,1980,4,70000,5,1,6,6,3
1,1994,10,20000,5,1,1,1,98
2,1983,12,20000,4,5,4,3,6
2,1990,12,30000,4,5,5,4,3
2,1980,6,20000,4,5,4,2,3
2,1990,12,40000,5,5,5,4,6
1,1986,10,60000,5,5,6,5,3
2,1987,12,50000,5,5,5,5,6
1,1994,6,40000,4,5,3,2,5
2,1986,10,20000,4,5,5,4,3
2,1989,12,20000,4,5,4,3,6
2,1989,6,0,4,5,6,5,4
2,1998,12,0,5,5,4,5,10
2,1989,12,50000,5,1,5,3,1
1,1985,12,200000,3,5,6,4,4
2,1990,12,36000,4,5,4,3,6
2,1987,9,20000,4,5,5,4,6
2,1982,11,30000,4,5,5,3,3
2,1985,12,30000,4,5,5,4,4
2,1993,12,20000,5,5,4,5,6
2,1982,10,25000,4,5,4,3,6
2,1985,9,30000,4,5,4,2,4
1,1991,13,0,5,4,5,2,6
2,1987,4,20000,4,5,4,3,6
2,1986,12,0,3,5,4,3,6
2,1985,10,24000,4,5,4,3,4
2,1989,7,36000,5,1,3,3,1
1,1983,12,25000,5,5,1,1,10
2,1984,4,0,5,1,5,3,1
2,1990,6,30000,5,5,4,4,4
2,1984,6,30000,5,5,3,3,4
2,1986,6,30000,5,1,5,5,1
2,1997,12,0,5,1,4,3,4
1,1981,8,20000,4,5,3,3,3
2,1982,3,12000,3,2,2,2,3
1,1984,4,4000,3,1,3,3,6
2,1991,4,9999997,5,3,5,6,3
1,1991,10,20000,5,2,5,5,6
1,1998,11,9999997,5,4,6,4,6
1,1981,3,15000,5,1,3,3,1
2,1988,10,0,3,5,1,7,6
1,1990,12,36000,4,3,1,1,9
2,1994,10,48000,4,1,1,1,3
1,1986,4,60000,4,1,5,4,4
1,1992,4,0,4,1,5,1,4
2,1980,3,9999997,3,1,4,1,1
1,1982,6,30000,5,2,5,4,4
2,1983,4,40000,5,1,5,3,1
1,1995,12,9999997,5,2,5,5,12
1,1999,6,9999997,5,1,2,3,4
1,1981,4,9999999,4,1,3,2,1
1,1981,4,18000,4,2,6,2,3
1,1981,7,40000,3,1,2,1,3
1,1985,3,10000,5,1,1,2,6
2,1988,3,0,4,1,3,2,3
2,1985,4,5500,2,1,5,4,3
1,1983,4,10000,5,1,1,1,3
2,1980,3,55000,4,1,5,2,1
1,1989,4,20000,5,1,5,2,3
2,1990,6,0,5,1,8,5,4
1,1995,10,1000,4,1,7,7,3
1,1985,3,10000,3,1,1,1,3
2,1983,4,0,1,1,1,5,3
1,1992,4,30000,4,1,4,5,3
2,1987,3,20000,4,1,3,1,3
1,1986,4,500,2,1,2,1,3
2,1986,3,10000,3,1,2,1,4
1,1991,4,4000,5,1,6,6,3
2,1981,6,8000,4,1,5,5,4
2,1986,3,10000,4,1,4,3,1
2,1991,4,45000,3,1,3,1,2
1,1987,4,40000,4,1,5,5,3
1,1982,7,70000,4,5,5,10,6
2,1989,4,75000,5,5,5,10,3
1,1980,4,35000,4,1,3,4,4
2,1986,3,10000,2,1,1,1,3
1,1981,3,0,2,1,1,1,4
1,1989,4,30000,5,1,5,5,1
2,1984,3,20000,4,1,4,3,3
1,1986,4,70000,4,1,5,3,1
1,1988,4,1000,4,1,2,1,12
1,1982,12,80000,4,5,7,5,6
1,1992,12,83400,5,5,3,3,6
2,1994,12,2000,5,5,5,4,6
2,1988,12,60000,5,5,6,4,5
2,1981,12,9999999,4,5,6,6,4
1,1981,6,90000,4,5,5,3,3
2,1980,11,90000,4,5,8,6,4
1,1985,7,25000,4,5,3,3,4
1,1980,12,30000,4,5,5,4,6
1,1986,10,9999999,4,5,4,3,3
1,1990,12,40000,4,5,5,5,4
1,1987,6,9999999,4,1,4,4,1
2,1993,13,0,5,5,6,5,4
1,1981,11,24000,5,5,3,2,10
2,1996,12,9999997,5,5,3,2,4
1,1996,12,0,5,5,4,4,4
1,1980,4,60000,3,1,6,5,4
1,1985,11,30000,4,5,4,4,6
1,1983,6,500000,5,2,2,2,4
2,1986,4,100000,4,1,5,1,3
2,1980,12,0,5,7,3,2,6
1,1999,6,2500,5,5,3,10,11
1,1992,10,0,2,1,3,3,4
1,1999,4,40000,5,2,2,2,4
2,1987,4,24000,5,1,2,1,1
2,1985,4,0,4,2,5,6,4
2,1988,4,25000,5,2,4,2,4
1,1981,11,30000,4,3,5,5,4
1,1980,3,50000,3,1,4,3,1
1,1983,9,30000,3,3,4,5,98
2,1998,6,0,4,1,3,5,4
1,1987,4,40000,4,1,5,5,4
1,1994,4,20000,5,1,4,4,4
2,1989,4,30000,5,1,1,1,1
1,1988,4,10000,4,1,3,1,4
1,1994,1,840,1,1,2,1,1
1,1988,4,10000,4,1,1,1,3
1,1986,4,20000,3,1,2,2,3
1,1984,4,40000,5,2,5,3,3
1,1985,4,20000,4,2,4,3,3
2,1987,3,0,4,1,3,3,3
1,1991,4,20000,3,1,5,5,3
2,1991,4,30000,3,1,4,5,4
2,1984,4,0,2,1,2,2,3
1,1982,3,50000,5,1,6,4,1
2,1984,4,20000,5,1,5,10,4
1,1980,3,40000,4,1,1,1,1
2,1991,4,0,5,1,3,1,3
2,1994,4,10000,4,1,4,5,4
1,1997,4,15000,4,1,5,4,1
2,1996,3,10000,4,1,5,5,3
1,1982,4,30000,3,1,5,5,3
2,1981,4,20000,4,1,5,5,98
1,1996,4,50000,4,1,4,1,98
1,1999,6,0,5,1,98,6,4
1,1987,4,0,4,1,9,4,4
2,1986,1,5000,3,1,4,3,3
2,1982,3,20000,4,1,5,2,1
1,1987,3,0,3,3,2,2,1
2,1995,10,36000,5,1,5,5,4
2,1996,12,0,4,3,2,2,8
2,1981,6,24000,3,3,1,4,3
1,1998,12,0,5,3,4,4,4
2,1986,6,20000,3,3,5,5,6
1,1985,6,10000,4,2,1,1,6
1,1990,8,3000,4,3,3,3,6
2,1995,10,10000,4,3,3,3,4
2,1985,4,30000,4,1,3,3,3
1,1982,4,10000,5,1,1,5,4
1,1986,5,30000,4,3,3,3,4
2,1982,3,10000,3,2,1,1,1
2,1994,7,30000,4,4,3,2,6
2,1986,10,10000,4,3,5,5,4
2,1983,4,15000,3,1,4,2,4
1,1986,4,20000,4,1,1,1,6
2,1983,4,10000,3,1,3,2,3
2,1982,4,10000,4,1,5,5,98
2,1990,4,20000,4,1,2,1,3
1,1999,6,9999997,3,1,4,5,6
1,1984,4,20000,4,1,3,4,3
1,1981,4,20000,4,1,1,1,4
1,1988,4,30000,4,1,98,98,4
2,1987,3,10000,5,1,4,1,4
2,1983,4,30000,5,1,2,1,1
1,1981,11,36000,5,2,6,5,6
1,1987,5,20000,5,3,4,7,14
1,1988,4,40000,5,1,5,5,4
2,1983,11,49000,5,3,5,5,9
1,1990,12,60000,5,1,4,3,6
2,1982,7,10000,4,1,3,3,6
1,1980,4,40000,3,3,5,3,98
2,1986,4,50000,4,1,4,2,6
2,1989,11,90000,5,1,5,5,6
2,1981,4,5000,3,1,5,5,4
1,1986,1,0,4,3,4,4,4
1,1997,7,70000,5,1,5,7,4
2,1982,4,20000,3,1,2,3,3
1,1992,4,10000,5,1,2,1,4
2,1981,4,17000,4,1,4,7,3
1,1981,4,10000,4,1,4,3,3
1,1982,9,80000,4,5,4,3,6
1,1982,12,450000,4,1,6,5,3
1,1994,6,50000,5,1,3,3,4
2,1990,10,100000,5,5,1,1,3
2,1991,12,96000,4,5,7,5,6
1,1988,10,130000,5,5,5,3,6
1,1987,10,9999999,5,5,5,5,1
2,1984,1,96000,4,5,4,3,1
2,1981,10,240000,5,2,4,1,1
2,1982,12,50000,3,5,6,5,6
1,1986,12,2000000,4,5,6,3,4
1,1988,12,9999999,5,5,4,4,9
2,1990,13,200000,5,5,6,5,12
2,1982,6,50000,4,5,5,5,1
2,1983,10,300000,4,3,4,3,6
2,1988,1,1000000,4,6,6,6,12
2,1985,4,50000,4,5,5,5,3
1,1989,10,150000,4,5,6,6,4
2,1985,12,80000,4,5,5,5,6
2,1984,10,100000,4,5,4,3,7
1,1980,1,100000,4,1,4,4,4
1,1989,9,200000,4,5,6,5,6
2,1980,12,40000,5,5,4,4,4
1,1983,12,300000,5,5,5,4,6
1,1981,8,70000,4,5,6,5,6
2,1997,11,0,4,5,5,5,6
1,1984,6,50000,5,5,6,6,6
2,1981,12,120000,5,5,6,6,6
2,1981,11,9999999,3,5,6,5,9
2,1991,12,80000,5,5,5,5,4
1,1980,12,9999999,4,5,6,6,6
1,1982,8,150000,4,5,5,5,3
1,1986,12,370000,4,3,8,5,12
1,1987,13,1000000,4,5,7,5,10
1,1996,12,0,3,5,98,7,11
1,1986,12,100000,2,5,2,1,4
2,1984,12,100000,4,5,4,3,7
1,1985,12,100000,4,5,3,3,10
1,1993,12,20000,4,5,6,5,6
1,1989,12,300000,4,5,5,5,6
1,1997,12,500,4,5,7,7,11
2,1984,12,100000,4,5,7,7,7
2,1982,4,40000,5,1,5,5,6
1,1985,13,120000,3,5,5,5,8
2,1989,12,120000,4,5,5,5,12
2,1983,12,50000,3,5,4,4,5
1,1980,7,120000,4,5,5,5,4
2,1997,12,9999997,5,5,5,5,98
1,1996,12,3000,4,2,3,4,4
2,1990,12,200000,5,5,7,5,6
1,1994,12,60000,5,4,5,5,4
2,1980,10,80000,5,3,5,4,7
2,1984,6,80000,5,3,5,5,7
1,1997,12,100,4,5,1,4,11
2,1991,12,80000,5,5,5,5,6
2,1995,10,15000,5,1,5,3,4
1,1988,3,3600,3,3,1,1,4
1,1987,11,100000,5,5,4,2,10
2,1988,12,130000,5,5,7,6,7
2,1992,12,200000,5,5,7,5,6
2,1981,11,84000,5,5,4,4,4
2,1987,10,40000,4,5,3,3,6
2,1987,10,100000,5,1,4,2,6
1,1982,12,300000,5,5,6,4,4
2,1987,12,48000,5,5,5,5,4
1,1986,10,90000,5,5,4,3,6
2,1991,10,400000,4,1,7,7,4
1,1982,13,250000,5,5,5,4,6
2,1995,4,18000,5,3,5,2,6
1,1996,12,1000,4,1,3,3,4
2,1981,10,70000,4,5,8,8,12
2,1998,12,9999997,3,5,5,5,12
1,1988,12,200000,3,5,6,8,10
1,1988,12,300000,3,1,7,5,4
2,1995,10,25000,4,1,5,5,3
1,1996,12,3500,3,1,4,5,3
1,1983,4,30000,5,5,6,2,4
1,1989,12,120000,5,5,5,5,6
1,1983,9,9999998,5,5,6,7,13
1,1984,12,9999999,5,5,5,5,6
2,1988,9,100000,4,5,5,5,4
2,1984,12,50000,5,5,6,6,6
2,1980,12,60000,4,5,3,3,6
2,1980,6,50000,4,5,5,2,4
1,1989,13,350000,4,5,5,3,10
2,1992,13,84000,4,3,98,6,9
2,1991,12,350000,4,5,8,7,12
2,1983,10,72000,2,1,5,2,3
2,1982,5,500000,5,5,6,6,6
1,1982,12,60000,5,5,5,3,4
2,1988,12,9999999,5,5,1,1,98
2,1987,10,0,5,5,5,4,6
1,1983,6,90000,3,1,6,3,3
1,1990,12,80000,4,5,5,4,4
1,1986,12,170000,4,5,3,6,12
2,1990,12,50000,3,98,4,5,6
1,1989,11,100000,4,5,7,5,9
1,1990,12,10000,2,5,1,6,4
1,1990,12,100000,2,2,4,4,6
2,1994,10,120000,3,2,4,4,6
1,1985,13,250000,4,5,98,98,7
1,1987,4,40000,3,5,1,1,6
2,1994,12,9999998,4,5,6,6,12
1,1988,12,200000,4,5,5,5,6
2,1981,13,300000,5,1,5,6,3
1,1998,4,0,5,1,4,2,4
1,1990,10,150000,3,1,4,5,3
2,1994,13,0,4,1,2,1,3
1,1987,13,200000,5,3,9,9,12
2,1985,13,200000,4,1,5,3,4
2,1984,7,0,3,2,5,8,6
1,1987,7,120000,4,5,6,5,6
2,1990,12,100000,5,5,6,5,6
2,1989,7,120000,5,1,5,4,4
1,1985,13,200000,4,5,5,4,11
2,1997,10,0,3,2,6,6,8
2,1995,10,60000,4,1,6,5,6
2,1994,12,100000,4,5,3,2,4
1,1983,6,450000,4,1,5,2,3
1,1980,6,50000,4,1,4,3,4
1,1985,1,50000,5,1,3,3,98
1,1993,12,150000,4,5,6,4,6
2,1984,12,60000,5,1,6,5,6
1,1993,12,80000,4,1,6,6,3
2,1992,12,60000,4,1,3,5,3
1,1995,12,10000,2,98,5,5,4
2,1994,10,90000,4,2,4,2,4
2,1986,13,100000,3,1,4,3,3
1,1985,4,120000,5,1,3,2,6
1,1989,10,58000,4,5,5,8,4
2,1988,12,100000,3,5,5,2,4
2,1986,5,0,5,3,5,4,6
1,1983,7,150000,5,1,5,3,4
1,1986,12,200000,5,5,1,1,98
1,1993,12,50000,3,2,6,6,98
2,1981,7,50000,4,1,1,1,3
2,1982,10,120000,5,2,5,5,4
2,1982,12,70000,4,2,6,1,3
1,1991,10,150000,4,1,7,5,4
2,1980,5,60000,4,2,4,2,3
1,1992,12,84000,4,4,4,3,6
2,1991,12,800000,4,4,3,4,6
1,1980,9,200000,4,1,3,3,4
2,1995,10,0,5,4,6,5,4
1,1991,10,150000,4,1,5,5,3
2,1990,10,50000,5,5,6,5,4
1,1986,13,10000,3,5,5,5,4
1,1990,3,30000,5,1,5,4,3
2,1987,12,100000,4,5,2,2,4
2,1982,12,60000,3,5,3,5,6
2,1994,8,9999999,4,5,6,5,4
1,1988,12,300000,4,1,4,2,4
1,1982,10,9999999,4,5,6,6,4
1,1987,10,80000,4,5,3,3,6
1,1983,12,100000,5,5,5,5,7
1,1981,12,200000,5,1,5,2,3
1,1980,10,200000,3,5,1,1,10
2,1987,11,50000,4,5,5,5,6
2,1984,12,200000,3,5,5,5,12
2,1987,10,9999997,5,1,3,3,1
1,1980,4,32400,5,5,5,6,6
1,1983,11,60000,4,5,5,5,7
1,1991,11,130000,4,5,6,5,6
2,1982,4,100000,5,1,5,2,4
2,1989,13,350000,5,3,6,3,10
1,1989,6,50000,5,2,6,6,1
2,1984,12,100000,3,2,5,3,6
2,1985,12,200000,2,5,4,2,7
1,1991,9,80000,4,5,4,3,3
2,1992,5,50000,3,3,2,2,6
2,1982,4,45000,5,1,7,7,3
1,1985,12,400000,4,2,6,3,3
2,1987,4,10000,4,1,5,5,4
2,1986,6,9999998,3,1,3,2,4
2,1990,10,50000,4,1,5,2,4
1,1981,4,50000,3,1,4,1,3
1,1998,7,0,3,1,4,3,4
1,1990,6,72000,4,1,3,6,3
1,1992,12,30000,5,3,6,3,12
2,1990,8,80000,5,1,7,5,1
1,1985,9,80000,4,2,3,3,4
2,1994,8,50000,3,1,4,5,4
2,1987,11,0,5,1,6,2,4
1,1988,6,0,3,1,3,3,4
1,1984,8,60000,4,1,6,6,6
2,1994,10,55000,4,1,5,3,6
2,1985,9,72000,4,1,6,4,3
2,1990,12,40000,4,1,1,1,6
2,1983,12,10000,5,4,5,5,5
1,1987,10,100000,5,1,5,5,4
2,1983,10,40000,5,1,5,5,4
2,1992,10,100000,5,4,10,10,3
2,1981,5,20000,5,4,1,1,4
2,1999,10,0,5,4,5,5,4
1,1983,11,100000,3,4,5,3,6
1,1997,6,0,5,1,6,6,4
1,1986,9,60000,4,1,2,2,4
1,1992,10,55000,3,1,5,3,6
2,1997,10,60000,4,4,5,3,3
1,1984,4,50000,5,1,5,4,3
2,1981,9,50000,5,4,1,1,3
2,1980,11,70000,3,1,4,5,4
2,1995,10,24000,3,2,5,4,6
2,1989,13,150000,4,5,5,5,11
2,1991,6,30000,5,1,5,5,6
2,1980,12,100000,4,5,6,6,4
2,1992,12,90000,5,1,6,6,4
1,1992,10,100000,3,1,8,3,4
2,1986,9,16000,2,1,4,3,6
1,1987,12,120000,4,2,5,5,6
2,1999,10,0,3,3,5,5,10
2,1990,3,40000,4,1,3,1,4
2,1982,11,65000,3,2,6,9,4
1,1981,11,90000,4,2,5,5,6
1,1988,11,100000,4,1,5,3,4
1,1981,12,120000,5,1,7,4,6
1,1988,12,40000,3,1,5,3,4
2,1982,10,120000,3,1,8,6,6
2,1998,6,0,3,4,4,4,5
2,1980,9,40000,4,1,6,5,4
1,1997,12,0,4,3,4,3,4
1,1981,12,800000,4,5,6,3,4
1,1990,10,40000,5,4,6,5,4
2,1986,10,0,3,1,3,1,6
1,1996,10,0,3,4,6,5,10
2,1989,9,50000,4,1,7,6,4
1,1987,10,60000,4,1,2,3,3
1,1981,12,180000,4,5,6,6,4
1,1985,12,150000,4,2,5,7,6
1,1980,4,0,3,1,1,2,3
1,1993,12,40000,4,1,3,3,3
1,1991,10,100000,5,2,4,4,4
1,1984,6,60000,4,1,2,2,3
2,1988,13,100000,4,1,6,5,4
2,1985,4,35000,4,1,4,5,4
2,1989,10,40000,5,1,2,1,3
1,1998,14,0,5,1,5,8,3
1,1989,4,60000,3,1,2,2,6
1,1986,10,50000,5,1,6,3,3
2,1985,4,20000,4,1,3,2,1
1,1992,5,100000,5,1,4,3,4
1,1982,4,40000,5,1,5,4,3
1,1982,10,80000,4,1,4,4,1
2,1984,6,30000,4,2,6,4,4
2,1995,9,0,5,1,3,2,4
2,1987,12,150000,4,1,6,5,6
2,1991,4,50000,5,1,5,4,1
1,1986,4,50000,4,1,6,10,3
2,1987,10,30000,5,1,6,5,4
2,1980,4,30000,5,1,5,3,6
1,1986,6,40000,5,1,2,2,4
2,1995,10,0,5,2,5,4,4
1,1998,11,0,5,1,2,2,4
2,1984,12,36000,4,3,6,4,4
1,1999,6,0,5,3,6,6,10
2,1988,10,50000,5,1,5,5,3
1,1997,6,60000,4,3,5,4,1
2,1987,13,50000,5,3,6,2,6
2,1992,12,50000,5,3,5,5,6
1,1998,11,0,5,1,4,4,6
2,1985,12,500000,5,3,6,5,4
1,1989,12,50000,5,2,4,2,10
2,1994,10,60000,4,5,6,5,4
2,1996,12,0,5,2,4,5,6
1,1987,4,100000,5,1,7,3,1
1,1995,10,24000,5,3,5,3,4
2,1983,10,48000,5,3,5,5,6
1,1997,12,0,4,5,5,5,13
2,1985,3,20000,4,1,4,4,4
1,1987,6,120000,5,1,5,5,4
1,1987,4,8000,3,1,98,98,3
2,1983,4,20000,5,1,3,3,1
2,1992,3,0,3,1,8,5,4
2,1995,4,0,5,1,5,3,4
1,1983,6,70000,3,1,4,6,6
2,1981,3,15000,5,1,4,2,4
2,1985,4,30000,4,1,3,2,3
2,1980,4,30000,4,1,3,2,1
1,1986,11,50000,4,4,4,4,4
1,1997,12,0,5,5,5,4,8
2,1985,3,0,5,1,5,4,3
2,1983,6,40000,4,1,5,2,3
2,1989,12,100000,4,1,5,5,6
2,1989,10,45000,5,5,4,4,4
1,1989,10,60000,2,5,5,4,4
2,1984,4,54000,5,1,6,5,4
1,1989,6,150000,5,1,2,2,4
2,1984,12,48000,5,5,6,5,4
1,1981,4,50000,5,1,5,5,2
1,1984,4,85000,5,1,5,3,4
1,1987,7,100000,3,5,5,5,6
1,1986,4,50000,3,1,1,1,1
1,1980,12,0,5,5,3,3,13
2,1987,10,45000,5,5,5,2,4
2,1982,3,0,5,1,4,4,3
1,1987,12,36000,5,5,5,7,6
1,1996,4,50000,5,1,4,3,4
1,1989,10,48000,4,5,3,3,3
2,1989,10,40000,4,1,3,2,4
2,1984,12,100000,4,5,6,7,4
1,1982,12,100000,5,5,7,7,6
1,1994,10,0,4,1,4,4,3
2,1982,7,0,5,3,5,2,4
1,1984,12,50000,5,1,5,4,6
1,1982,4,40000,4,1,5,3,4
2,1980,3,20000,3,1,1,1,1
1,1984,12,60000,5,5,4,1,3
1,1991,6,100000,5,1,5,4,6
1,1981,4,60000,4,1,5,5,3
1,1987,1,72000,4,1,5,4,4
1,1989,10,40000,4,5,2,2,4
2,1982,6,0,4,1,5,4,1
2,1989,11,40000,5,5,5,4,1
1,1989,13,30000,4,5,5,4,6
1,1998,6,0,5,1,5,5,6
1,1997,10,42000,5,1,5,2,98
2,1982,1,0,5,5,6,5,1
1,1998,12,0,5,5,6,5,12
2,1997,10,0,5,5,5,5,10
2,1984,4,0,5,1,3,1,1
1,1980,13,84000,3,5,6,3,3
1,1998,10,0,5,1,5,4,3
1,1990,12,90000,5,5,5,5,11
2,1986,9,0,5,5,8,8,4
1,1991,13,30000,5,5,5,5,12
1,1988,12,300000,5,5,5,5,6
1,1990,6,50000,4,1,4,3,3
1,1988,10,25000,5,1,4,3,4
1,1981,4,36000,4,1,5,5,1
1,1981,4,20000,5,1,1,1,4
1,1985,4,50000,4,1,3,4,2
2,1986,3,24000,4,1,2,1,3
2,1985,4,100000,4,1,5,8,4
1,1988,11,60000,5,1,4,3,4
1,1991,4,20000,5,1,3,2,3
2,1988,4,24000,5,1,5,4,3
2,1986,5,32000,5,1,6,4,3
2,1998,12,0,5,1,5,5,6
2,1996,12,0,5,2,3,5,4
1,1991,10,40000,5,1,6,4,4
2,1987,1,55000,4,1,7,5,3
2,1980,4,20000,4,1,3,5,1
2,1984,3,10000,2,1,5,4,1
1,1992,13,50000,4,1,6,6,4
1,1986,7,50000,4,1,5,5,4
2,1993,1,4000,4,1,6,4,1
2,1984,7,24000,5,2,4,4,3
2,1991,11,80000,5,5,3,2,6
2,1988,12,0,5,1,6,2,4
1,1990,12,80000,4,5,4,4,3
1,1992,12,500000,5,5,7,7,4
2,1988,6,80000,5,1,3,1,4
1,1990,10,100000,3,5,4,3,6
2,1992,5,100000,5,1,6,3,4
2,1995,10,21000,5,1,6,3,4
2,1992,12,40000,3,1,5,7,4
1,1994,9,60000,4,1,1,5,3
2,1983,12,100000,4,2,5,5,3
1,1980,9,100000,4,1,3,6,3
2,1985,4,100000,5,1,5,7,6
2,1987,11,0,4,3,5,4,6
1,1989,4,36000,5,2,5,4,6
1,1984,13,100000,3,5,98,98,98
1,1990,6,200000,5,5,5,3,6
2,1982,6,0,3,1,4,2,3
1,1998,12,0,5,1,6,6,6
2,1981,5,300000,4,1,1,1,98
2,1999,4,40000,5,2,3,4,3
1,1989,12,90000,4,1,5,6,3
1,1999,6,0,5,5,7,7,5
1,1981,9,200000,4,1,7,5,4
1,1993,10,36000,5,1,4,6,6
2,1988,12,35000,5,5,5,5,4
1,1990,12,80000,5,1,5,5,6
2,1981,4,10000,5,1,1,1,6
1,1990,12,90000,4,1,5,5,3
1,1981,11,100000,3,1,3,1,3
2,1997,10,0,5,5,6,5,12
2,1992,9,60000,4,3,6,4,3
1,1990,4,150000,5,1,3,3,1
1,1984,4,60000,4,1,4,5,3
2,1988,4,0,4,1,5,3,3
1,1982,4,60000,3,1,1,1,2
1,1989,7,50000,5,1,5,4,3
2,1988,4,42000,5,1,6,6,3
1,1982,4,60000,4,1,2,1,2
1,1989,4,30000,4,1,4,2,4
2,1988,4,40000,3,1,3,2,7
1,1984,4,80000,4,1,3,2,4
1,1992,10,0,4,1,3,3,4
2,1997,6,0,4,1,3,3,4
1,1992,12,100000,3,5,3,5,6
2,1990,10,60000,4,1,6,5,4
1,1984,12,200000,4,1,6,3,3
1,1988,4,9999997,5,1,2,1,4
2,1981,12,0,5,1,6,6,4
1,1990,10,80000,5,1,7,5,6
2,1991,12,80000,5,1,5,5,6
2,1987,10,0,4,5,5,5,4
1,1981,9,100000,2,5,4,2,3
1,1983,10,150000,5,5,7,5,4
2,1988,10,50000,5,5,6,3,6
1,1983,10,80000,4,5,5,3,98
1,1988,6,70000,4,1,3,4,4
2,1991,12,70000,4,1,6,6,3
2,1989,6,0,4,1,6,2,4
1,1995,10,100000,3,1,5,5,4
2,1996,10,9999999,4,1,4,6,3
2,1982,3,50000,5,1,8,3,3
1,1987,7,60000,5,1,3,98,4
1,1986,5,100000,5,1,4,2,4
1,1984,6,80000,4,1,4,5,3
1,1988,10,1000000,5,1,6,4,1
1,1981,5,50000,3,1,2,1,3
2,1985,4,40000,5,1,4,2,1
2,1987,12,60000,5,1,5,5,3
1,1992,10,60000,3,1,7,7,4
2,1983,12,200000,5,1,8,5,6
1,1980,4,30000,3,1,3,3,4
1,1992,10,50000,4,1,4,4,3
2,1984,12,50000,5,1,5,5,3
1,1991,10,80000,4,1,5,4,4
2,1981,4,30000,4,1,6,6,3
2,1989,10,9999999,4,1,6,4,3
1,1989,4,60000,5,1,2,2,3
2,1992,5,9999997,4,1,5,5,3
1,1994,10,60000,4,1,5,5,4
1,1990,12,9999999,4,1,5,4,4
2,1985,9,9999999,4,1,6,2,3
2,1986,10,200000,5,2,4,4,98
2,1998,7,20000,5,1,4,2,3
1,1987,6,100000,5,3,5,3,6
2,1991,12,40000,3,1,7,5,3
1,1999,6,0,5,5,4,4,98
1,1984,6,9999998,4,5,5,5,3
2,1998,10,0,5,2,5,4,3
2,1995,10,7000,5,1,4,3,99
1,1980,11,100000,4,5,5,5,6
1,1983,6,100000,4,5,5,7,12
1,1982,4,23000,4,1,5,4,4
2,1982,10,60000,5,1,5,5,6
1,1991,7,100000,5,1,5,4,3
2,1982,3,40000,4,1,98,98,4
2,1998,6,7000,4,3,3,4,4
2,1983,5,0,5,2,5,2,3
2,1997,10,4000,4,5,4,5,3
2,1985,4,40000,5,1,4,3,1
1,1997,9,1700,5,5,5,5,3
1,1980,4,70000,4,1,4,2,3
1,1981,8,30000,4,1,5,3,3
1,1991,10,100000,4,3,5,5,5
2,1980,4,50000,5,1,10,7,3
2,1996,6,30000,5,1,6,5,3
2,1981,12,150000,5,1,7,5,3
1,1989,3,60000,2,1,4,5,4
1,1998,6,6000,4,5,5,99,6
1,1982,5,100000,5,1,6,5,3
2,1999,4,30000,5,1,4,3,4
2,1981,4,0,4,1,5,5,3
1,1992,12,35000,4,1,4,5,4
1,1992,7,50000,5,1,4,3,3
1,1992,3,80000,5,1,6,6,1
2,1983,4,20000,4,1,5,4,3
2,1995,4,48000,4,3,5,5,6
2,1991,4,25000,4,1,5,5,3
2,1990,3,24000,4,1,3,2,3
1,1983,4,100000,4,1,6,5,3
2,1992,10,30000,3,1,3,4,3
2,1985,4,0,5,1,6,3,3
2,1993,12,34600,4,1,5,5,4
1,1992,4,60000,3,1,4,5,3
1,1992,6,40000,5,1,7,4,3
1,1983,4,130000,4,1,7,5,6
1,1983,5,50000,4,1,3,1,4
1,1986,10,200000,5,1,7,4,4
1,1989,4,60000,4,1,5,5,4
1,1993,12,80000,4,1,2,5,4
2,1980,6,0,3,1,4,5,3
1,1988,5,70000,4,1,5,5,3
1,1980,5,30000,2,3,2,5,3
1,1994,4,100000,4,1,5,5,3
1,1994,10,70000,3,2,5,2,6
2,1989,11,60000,3,1,4,3,4
1,1997,5,8000,4,5,5,4,6
1,1981,5,50000,3,1,2,2,4
1,1992,4,9999999,4,5,5,5,6
1,1987,12,90000,5,1,5,4,6
2,1994,12,0,4,5,4,7,7
1,1995,12,0,4,3,5,6,9
1,1996,12,0,5,1,4,5,12
1,1982,12,150000,4,3,6,5,4
1,1980,6,100000,3,1,5,4,1
1,1987,13,180000,3,3,5,4,7
2,1986,4,0,4,1,8,5,3
2,1989,3,36000,4,1,5,3,1
1,1983,1,30000,4,1,3,1,1
2,1990,4,60000,4,1,3,1,4
2,1988,9,20000,4,1,4,2,4
2,1983,3,10000,4,1,5,2,1
1,1986,11,40000,4,1,5,4,3
1,1990,4,30000,4,1,3,2,3
2,1980,4,50000,5,1,4,2,1
2,1991,4,0,4,1,4,2,1
1,1999,4,5000,4,1,7,7,3
2,1985,3,50000,5,1,5,5,6
2,1981,4,5000,4,1,3,4,1
2,1992,6,5000,5,1,5,4,4
1,1987,3,10000,5,1,4,6,3
2,1998,6,9999998,5,1,3,2,4
1,1987,4,60000,5,1,6,2,3
1,1997,10,20000,5,3,5,5,5
1,1985,5,50000,5,1,6,5,3
2,1989,12,50000,4,3,5,5,4
1,1982,6,20000,3,1,4,3,4
1,1992,12,30000,4,3,7,6,12
1,1994,5,90000,5,1,5,3,4
2,1990,4,50000,4,2,3,3,6
2,1986,4,30000,3,1,3,6,1
1,1985,4,60000,5,1,5,4,4
2,1982,3,20000,4,1,5,3,1
2,1989,4,15000,4,1,6,3,3
1,1980,4,70000,4,1,4,6,4
1,1996,4,0,4,1,1,1,1
1,1983,4,40000,3,1,1,1,4
1,1992,4,300000,3,2,2,2,98
2,1994,6,0,5,1,5,1,4
1,1996,4,0,5,1,6,6,4
2,1990,4,25000,3,1,5,6,4
2,1986,4,20000,4,1,5,3,4
1,1986,10,60000,4,1,1,1,6
1,1995,4,24000,5,1,6,4,3
2,1983,4,0,4,1,5,2,3
1,1991,12,0,4,1,5,5,3
1,1983,6,40000,3,1,3,2,4
2,1980,3,2700,5,1,5,3,3
1,1982,4,60000,4,1,3,2,4
1,1992,10,80000,5,1,5,2,12
1,1982,4,30000,4,1,8,2,98
2,1983,4,30000,3,1,5,5,4
1,1983,4,48000,2,1,4,3,3
2,1989,4,9999998,3,1,4,3,4
1,1987,4,0,5,1,6,3,98
1,1983,4,30000,2,1,5,1,3
2,1984,12,60000,4,3,2,5,6
2,1985,5,40000,4,3,5,4,98
2,1992,11,20000,5,1,98,3,4
1,1980,5,50000,3,3,3,6,4
1,1997,12,0,4,3,4,5,4
2,1986,6,0,5,3,98,98,98
2,1981,6,40000,5,1,4,3,4
2,1986,5,30000,4,1,3,2,3
1,1986,6,36000,4,1,6,4,6
2,1995,10,20000,4,1,5,4,3
1,1985,4,40000,3,1,3,2,1
1,1987,4,30000,5,1,6,4,4
2,1985,4,60000,4,1,5,3,3
1,1981,4,20000,4,1,3,2,4
2,1985,3,0,4,1,3,4,1
2,1996,10,0,5,1,7,7,4
2,1980,4,5000,4,1,4,3,3
1,1998,5,0,4,5,3,3,3
1,1997,12,0,4,3,4,4,4
1,1998,6,0,5,1,5,5,4
2,1981,6,100000,3,1,6,5,4
1,1990,7,36000,5,3,4,4,4
1,1988,7,150000,4,3,4,3,6
1,1980,7,30000,5,3,98,98,4
1,1991,12,60000,5,2,5,3,7
1,1980,4,28000,4,1,3,2,3
2,1981,4,36000,5,1,4,3,4
1,1992,12,70000,5,1,5,4,6
2,1994,13,3000,4,5,4,5,99
1,1998,12,9999997,4,3,7,6,4
1,1986,11,100000,4,3,5,5,9
2,1984,4,9999997,4,1,1,1,3
2,1993,13,10000,4,5,3,2,12
2,1995,4,0,4,1,4,3,1
2,1998,10,0,5,1,4,3,3
2,1992,10,35000,5,1,7,4,3
2,1981,6,24000,4,5,4,2,4
1,1990,4,42000,5,1,3,3,3
1,1980,7,30000,5,5,4,2,3
2,1991,4,0,4,5,6,5,4
2,1980,4,35000,4,1,6,98,3
2,1984,5,0,4,1,5,5,1
1,1984,4,60000,4,1,6,3,3
2,1988,6,40000,5,2,7,6,1
1,1991,12,9999997,5,1,6,3,4
2,1986,4,0,5,1,4,3,3
1,1980,9,200000,5,1,4,4,2
2,1989,6,30000,4,5,5,5,6
2,1989,7,30000,5,1,6,3,1
1,1990,4,30000,5,1,5,3,3
2,1995,1,0,4,1,5,4,3
1,1982,7,100000,5,1,5,5,3
2,1998,6,9999997,4,1,4,4,10
1,1991,10,60000,4,3,6,6,4
2,1984,12,60000,4,2,6,5,3
2,1985,4,48000,5,1,4,2,4
1,1989,12,60000,4,3,7,9,12
2,1989,10,24000,3,5,3,3,3
2,1980,9,200000,3,2,7,6,3
2,1983,4,50000,5,1,3,4,4
2,1994,9,48000,4,1,6,8,4
1,1982,6,40000,4,1,2,2,4
2,1993,6,0,5,2,5,2,3
2,1987,10,80000,5,3,5,4,3
2,1988,11,30000,4,2,6,6,4
2,1986,7,18000,4,3,5,5,3
1,1986,8,48000,4,2,5,5,1
1,1992,10,100000,5,3,5,3,4
1,1986,7,48000,4,2,5,5,4
2,1995,4,100000,5,2,6,2,4
2,1983,7,30000,4,3,5,4,8
2,1992,10,0,4,2,7,3,3
1,1991,7,36000,3,2,5,3,1
2,1990,4,20000,4,2,5,4,3
2,1983,4,20000,3,3,1,2,1
2,1988,13,100000,5,2,7,7,3
2,1992,7,50000,3,1,5,2,98
1,1999,6,0,5,3,4,4,4
1,1990,6,40000,3,1,3,3,3
1,1990,6,50000,3,1,3,3,3
1,1984,7,15000,4,3,4,4,6
1,1996,4,0,3,1,5,5,3
1,1990,4,0,5,1,1,1,1
2,1986,6,0,5,1,5,2,4
1,1988,4,40000,4,2,1,1,3
1,1992,3,30000,5,1,5,3,1
1,1986,7,120000,3,2,6,6,9
1,1983,4,60000,4,1,6,6,3
1,1998,6,10000,5,1,4,3,4
2,1989,3,10000,5,1,5,4,6
1,1991,4,0,3,1,3,3,3
1,1988,11,100000,5,1,5,3,6
2,1990,3,50000,4,1,4,4,98
2,1980,3,10000,4,1,1,1,4
1,1986,12,100000,4,1,7,5,4
2,1987,4,20000,4,1,6,3,3
2,1985,3,0,3,1,2,6,1
2,1990,10,48000,4,1,5,4,1
2,1983,7,36000,5,3,7,5,7
1,1983,4,100000,5,1,6,5,98
2,1995,9,30000,5,5,3,2,3
1,1989,6,60000,5,1,5,5,1
2,1997,11,0,5,1,5,5,9
2,1993,12,60000,4,2,7,5,4
1,1982,4,60000,5,1,5,4,3
2,1997,12,9999997,5,3,5,4,4
2,1983,4,20000,4,1,2,2,1
1,1986,6,20000,4,1,5,3,1
2,1984,6,80000,2,1,6,5,3
2,1983,4,24000,4,3,3,2,1
1,1991,4,40000,5,1,6,3,3
1,1985,6,9999999,4,1,5,4,1
1,1985,4,30000,4,1,5,2,3
1,1999,6,0,5,1,5,5,4
2,1980,10,40000,4,1,6,4,3
1,1981,12,50000,4,1,7,4,4
2,1986,7,20000,4,2,5,3,6
1,1990,8,50000,4,1,6,5,3
2,1985,4,30000,5,1,2,2,3
1,1999,6,0,5,3,7,7,12
1,1986,4,30000,5,1,5,3,4
1,1990,4,40000,2,1,3,2,4
1,1998,6,0,5,1,3,3,3
1,1984,4,20000,4,1,6,4,3
1,1995,10,9999997,5,1,5,4,6
2,1983,3,24000,4,1,5,2,1
2,1993,7,30000,4,1,6,5,3
2,1997,11,0,5,1,4,3,4
1,1982,4,36000,4,1,2,2,1
2,1984,4,0,4,1,6,3,1
1,1999,6,0,4,1,6,5,4
1,1998,11,0,4,1,4,3,11
1,1982,4,9999998,3,2,3,3,1
1,1999,4,30000,5,1,6,5,4
2,1989,4,20000,4,1,6,5,1
1,1991,7,60000,4,1,5,4,3
1,1989,3,8000,3,1,3,2,1
1,1994,6,30000,5,1,5,3,4
2,1986,4,0,3,1,2,1,3
1,1999,5,24000,5,1,5,5,7
1,1996,4,23000,3,1,3,2,3
2,1983,7,0,5,1,6,5,3
2,1989,4,28000,5,1,4,2,1
2,1982,4,500000,5,1,6,4,1
2,1996,4,0,4,1,6,4,3
1,1984,4,60000,5,1,4,4,3
1,1988,5,24000,4,1,4,3,1
1,1980,4,200000,4,1,4,6,6
1,1987,4,50000,2,1,5,2,1
1,1987,4,100000,5,1,5,4,6
1,1985,4,30000,5,1,4,3,1
2,1991,4,26000,4,1,3,2,3
1,1999,6,0,5,1,5,4,4
2,1993,7,0,4,1,8,6,4
1,1980,4,20000,5,1,4,3,3
1,1982,6,20000,4,1,1,1,4
1,1993,13,8000,5,5,5,4,12
1,1998,10,500,3,5,4,4,6
1,1997,12,0,4,5,5,4,12
2,1996,12,1000,4,5,4,3,12
2,1987,13,70000,4,1,7,6,6
1,1982,12,150000,5,1,2,2,4
1,1996,4,24000,4,4,5,4,3
1,1991,6,30000,4,1,1,1,4
1,1981,4,40000,4,1,5,6,1
2,1991,10,30000,5,4,8,7,10
2,1988,4,9999998,4,1,5,2,1
2,1988,4,0,4,4,5,4,1
1,1988,13,70000,5,1,5,4,10
2,1980,9,25000,3,5,6,6,3
1,1981,7,100000,4,3,3,2,1
2,1984,4,30000,4,5,5,4,6
2,1997,6,4000,4,5,5,5,4
1,1992,12,9999998,3,5,3,6,6
2,1999,6,9999998,4,3,3,3,4
1,1998,12,0,4,5,5,5,12
2,1981,6,40000,4,1,5,2,3
2,1998,6,0,4,5,5,5,5
2,1982,6,50000,4,1,5,4,1
2,1997,4,10000,5,1,4,3,3
1,1983,4,20000,3,1,5,4,3
1,1986,11,9999999,5,1,5,3,4
2,1984,10,30000,4,5,7,6,6
2,1985,7,0,4,5,3,3,1
2,1985,12,60000,4,5,4,3,6
1,1984,4,30000,5,1,3,1,4
1,1982,4,40000,3,1,4,3,1
2,1986,5,25000,5,1,4,3,4
1,1981,4,50000,5,1,5,3,1
2,1982,6,60000,3,1,3,3,4
2,1981,6,10000,5,1,4,1,4
1,1984,4,0,4,1,3,1,4
2,1981,3,20700,3,1,2,2,1
2,1987,4,100000,5,1,4,2,4
1,1991,3,48000,3,1,3,2,1
1,1980,1,30000,5,1,5,5,3
2,1998,6,9999997,5,1,5,5,3
2,1990,11,9999997,5,1,5,5,4
2,1982,3,27000,5,1,4,4,3
1,1984,4,80000,5,1,5,3,1
2,1991,6,9999997,5,1,6,5,3
2,1983,6,200000,5,1,2,1,4
2,1994,9,25000,5,1,5,5,6
1,1994,13,0,5,5,4,2,11
1,1982,10,50000,5,1,3,2,5
2,1987,11,80000,4,5,3,3,4
2,1995,10,36000,5,1,4,2,4
2,1996,12,0,4,5,5,4,9
1,1992,11,50000,5,1,3,1,3
1,1984,12,600000,5,3,6,3,4
2,1986,9,30000,5,1,5,4,3
1,1999,6,9999997,5,5,3,3,4
1,1985,6,12000,4,5,4,4,6
2,1994,12,0,4,5,98,6,7
2,1989,13,54000,3,3,3,3,10
1,1990,13,120000,4,1,3,2,4
1,1999,6,0,4,5,6,7,6
1,1988,5,80000,4,2,1,8,4
2,1986,4,40000,4,1,4,5,4
2,1986,7,30000,4,1,5,5,3
1,1987,10,50000,3,5,2,6,99
1,1999,6,0,5,1,5,5,6
2,1996,6,0,4,1,5,5,3
2,1996,12,0,3,5,4,4,7
1,1999,4,25000,5,2,3,3,6
2,1986,10,40000,4,5,4,3,4
1,1995,6,36000,4,1,3,3,4
1,1993,12,100000,5,5,1,3,11
1,1984,10,200000,2,1,5,3,6
2,1994,12,10000,4,5,4,4,7
1,1983,7,12000,4,1,2,2,4
1,1995,6,60000,5,1,5,5,4
2,1986,13,55000,3,5,4,3,6
2,1985,11,30000,4,5,6,6,11
1,1998,5,100000,5,3,6,7,4
2,1985,3,24000,4,1,5,4,3
2,1981,3,100000,5,1,5,5,3
2,1984,7,30000,5,1,5,4,6
1,1986,4,50000,4,1,6,5,6
1,1986,3,9999998,5,1,5,4,3
1,1982,4,20000,5,1,5,3,1
1,1987,12,40000,4,1,5,5,4
1,1980,4,30000,4,1,6,5,1
1,1981,7,24000,5,1,4,5,4
1,1989,4,50000,5,3,4,4,4
2,1982,1,50000,4,3,5,3,3
1,1989,6,30000,5,1,5,3,4
1,1996,12,2400,5,3,4,5,4
1,1983,4,30000,5,1,5,3,98
1,1982,6,100000,4,1,4,3,5
1,1995,12,9999997,5,1,6,6,4
1,1997,6,30000,5,1,6,6,4
2,1996,10,20000,5,1,5,4,4
2,1981,4,20000,5,1,4,2,4
1,1992,10,150000,5,3,8,4,6
2,1989,10,40000,5,3,6,5,4
2,1988,12,80000,4,1,6,5,7
1,1983,4,50000,5,1,4,3,4
2,1984,3,0,4,1,6,5,1
2,1994,4,0,4,1,5,5,3
2,1990,7,9999997,5,1,6,5,4
2,1997,10,0,5,1,6,4,4
1,1984,3,25000,3,1,5,5,3
2,1983,10,0,5,5,5,4,4
2,1987,6,60000,5,1,5,5,3
2,1983,6,36000,4,5,4,3,4
2,1997,12,0,5,5,3,3,4
1,1991,11,80000,4,5,5,4,4
2,1983,5,20000,5,1,5,4,4
2,1994,12,24000,5,3,5,3,4
2,1998,7,20000,5,1,6,5,4
1,1983,4,60000,4,1,3,3,4
2,1991,11,40000,5,5,3,6,10
2,1982,7,40000,4,1,5,4,4
2,1987,7,50000,5,1,1,1,6
1,1987,4,36000,5,1,3,3,3
1,1990,12,36000,4,5,1,1,4
1,1984,7,30000,4,5,1,1,3
2,1982,6,0,4,1,5,4,4
2,1983,4,10000,5,1,4,3,4
1,1985,7,60000,4,3,6,4,4
1,1986,12,60000,4,5,3,4,4
2,1981,10,20000,5,5,4,3,10
1,1986,11,50000,5,5,5,5,6
2,1985,12,50000,5,5,5,5,6
1,1995,12,0,4,1,3,3,4
2,1987,7,0,4,1,3,3,3
2,1987,7,40000,5,1,6,6,1
2,1990,7,70000,4,1,6,5,1
1,1980,4,30000,5,1,2,2,1
1,1988,4,20000,5,1,5,4,98
2,1981,4,0,5,1,5,5,1
2,1986,4,0,5,1,5,3,4
1,1980,4,90000,5,1,3,3,1
2,1988,3,10000,3,1,1,2,4
1,1980,7,60000,5,1,5,4,98
2,1994,6,0,5,1,5,4,4
1,1987,4,70000,5,2,5,5,6
2,1987,4,0,3,1,5,4,4
1,1984,6,100000,5,1,6,3,2
2,1982,7,20000,4,1,4,3,6
2,1980,6,10000,5,1,5,3,3
2,1991,10,9999998,4,1,4,2,3
1,1988,4,9999999,3,1,5,5,3
2,1991,4,0,5,1,5,8,3
2,1984,6,25000,5,2,7,10,4
1,1985,4,50000,5,1,5,3,6
2,1981,3,0,4,1,5,4,12
1,1991,4,40000,4,1,2,1,1
1,1982,4,100000,5,1,5,3,1
2,1989,4,20000,5,1,6,4,1
1,1985,5,25600,3,1,3,2,1
2,1981,4,0,3,1,3,2,4
2,1991,4,0,5,1,5,3,3
2,1980,4,0,4,1,8,8,4
1,1982,5,50000,4,1,6,3,3
2,1989,10,48000,4,3,5,3,6
1,1990,4,20000,4,1,3,1,3
1,1988,4,20000,5,1,2,2,4
1,1986,10,30000,4,1,1,1,6
2,1982,6,0,4,1,5,7,1
2,1986,4,20000,3,1,2,1,3
1,1983,4,50000,5,1,5,5,3
2,1987,7,0,4,1,4,3,3
1,1983,3,3000,2,1,4,98,98
2,1989,4,0,5,1,5,4,4
2,1983,4,0,4,1,5,3,4
2,1981,4,24000,5,1,5,4,1
2,1983,3,25000,5,1,2,1,3
1,1983,4,20000,3,1,5,2,6
2,1990,4,0,4,1,5,8,4
2,1986,4,0,4,1,2,3,3
2,1981,4,5000,4,1,4,2,1
1,1984,3,14000,4,1,98,98,3
1,1987,4,20000,2,1,2,3,1
1,1984,8,30000,4,1,6,2,3
2,1998,4,20000,5,1,4,4,3
1,1981,4,20000,4,1,4,3,4
1,1988,7,20000,4,1,4,3,6
2,1997,12,0,5,3,5,4,6
1,1988,12,50000,4,3,5,4,3
1,1998,12,0,5,3,5,4,4
1,1997,12,0,5,1,5,3,6
1,1992,12,0,3,3,2,5,6
1,1986,9,25000,5,1,5,2,4
2,1993,10,10000,5,1,5,5,4
2,1995,4,0,5,1,5,3,3
2,1980,4,800,3,1,7,3,98
1,1987,4,0,3,1,4,3,4
2,1987,4,0,3,1,4,2,6
2,1985,4,2000,4,1,4,2,1
2,1983,4,7000,5,1,6,6,6
2,1993,4,30000,5,1,5,4,6
1,1985,4,100000,4,1,5,5,6
2,1987,3,0,5,1,3,2,1
1,1990,4,8000,3,1,2,1,6
2,1984,3,2000,4,1,4,1,1
1,1982,6,20000,5,1,5,4,4
2,1987,4,0,5,1,3,2,98
1,1993,6,50000,4,1,4,3,1
1,1994,4,30000,5,1,5,4,4
1,1986,3,40000,5,1,1,1,3
2,1981,4,0,4,1,1,1,3
1,1999,10,0,4,3,2,3,4
1,1993,4,60000,4,3,5,4,4
2,1991,10,20000,5,1,7,4,4
1,1983,12,80000,5,1,5,3,1
2,1983,4,0,5,1,5,4,6
1,1983,12,30000,4,1,3,3,4
1,1985,10,40000,5,1,5,3,3
1,1982,6,100000,4,1,5,4,4
2,1984,4,30000,3,1,6,3,1
1,1982,12,100000,4,3,5,4,6
2,1990,12,25000,5,3,6,6,14
2,1991,10,100000,4,3,7,1,3
2,1984,4,0,4,1,7,5,98
2,1985,4,10000,5,1,3,6,6
1,1983,4,30000,4,1,6,2,4
1,1981,3,60000,5,1,4,2,6
2,1999,6,0,4,1,5,3,4
2,1993,6,15000,5,1,5,4,4
1,1986,6,30000,5,1,3,3,3
1,1997,10,0,5,1,3,3,3
2,1983,3,4000,4,1,5,4,3
2,1998,10,0,5,1,5,6,3
2,1985,11,35000,5,1,6,5,4
2,1988,9,20000,4,3,1,98,4
1,1992,10,84000,5,1,5,3,4
1,1994,12,3000,4,1,1,4,7
1,1991,12,70000,5,1,6,4,12
2,1989,10,30000,5,1,3,3,4
2,1987,4,25000,5,1,4,5,6
2,1981,6,0,2,1,5,3,4
2,1980,9,40000,4,4,6,4,6
2,1981,4,50000,4,1,3,8,3
2,1991,6,40000,4,2,2,1,6
2,1994,6,40000,5,1,5,6,4
2,1995,4,0,4,1,2,2,6
1,1984,4,30000,4,1,4,3,4
2,1989,3,0,5,1,1,1,4
2,1989,4,0,3,1,2,3,4
2,1990,4,0,3,1,5,4,3
2,1982,3,4000,4,1,5,1,10
2,1984,4,3000,5,1,1,1,4
2,1992,4,0,3,1,3,1,6
2,1986,4,0,5,1,2,1,6
1,1988,12,30000,5,3,7,5,10
2,1996,10,0,5,3,4,3,6
2,1997,12,0,5,1,2,2,6
2,1992,12,30000,5,4,5,5,6
1,1992,12,22000,5,5,6,4,10
1,1982,12,50000,5,1,4,3,3
1,1991,13,6000,5,5,5,3,1
2,1998,7,13000,5,1,5,4,4
2,1980,6,0,4,5,6,2,3
2,1982,4,0,5,1,5,5,3
2,1985,4,0,3,1,2,2,6
1,1980,6,10000,4,2,4,3,3
1,1984,3,0,2,1,2,1,1
2,1980,3,2000,3,1,4,2,2
2,1980,4,0,3,1,5,4,3
1,1985,6,15000,4,1,4,3,4
2,1988,4,30000,5,1,3,1,3
2,1982,7,15000,4,1,4,3,3
1,1980,4,30000,5,1,5,4,6
2,1980,10,45000,5,1,5,3,6
2,1991,6,0,5,1,5,2,4
2,1980,4,40000,4,1,5,2,1
2,1982,6,0,5,3,5,4,3
1,1997,12,0,5,1,5,7,4
2,1985,4,11000,4,1,5,4,3
1,1991,4,0,5,1,5,2,3
1,1990,6,60000,4,1,3,1,4
2,1990,4,20000,5,1,4,2,3
2,1993,6,300,5,1,5,2,3
1,1989,4,45000,5,1,5,4,4
1,1995,12,0,5,1,5,3,3
1,1998,6,0,5,1,5,3,4
1,1986,4,40000,5,1,4,4,4
1,1990,10,20000,4,1,3,3,4
2,1980,1,0,4,1,1,5,1
2,1998,10,0,5,1,3,2,4
1,1989,4,20000,5,1,8,3,6
2,1987,6,12000,5,2,5,8,6
1,1986,10,100000,4,3,6,3,3
1,1991,12,20000,5,1,5,4,6
1,1998,6,0,5,1,5,5,4
1,1982,6,12000,5,3,4,4,4
2,1991,4,0,5,1,6,4,3
2,1983,6,20000,5,1,3,2,3
1,1991,6,80000,5,1,5,5,3
1,1982,4,2000,4,1,5,2,1
1,1997,6,0,3,1,2,2,3
2,1980,3,20000,2,1,5,3,3
1,1999,6,0,5,1,5,5,3
2,1989,4,0,4,1,5,5,7
2,1981,4,0,5,1,5,4,4
1,1981,1,1200,4,1,3,3,4
2,1997,6,0,5,1,5,3,3
1,1989,3,30000,2,1,3,1,3
2,1993,4,0,4,1,4,3,3
2,1990,1,0,4,1,6,3,6
1,1980,3,20000,4,1,6,6,1
1,1998,6,0,4,5,4,4,4
1,1987,12,130000,3,2,3,4,11
1,1986,10,20000,5,1,2,2,4
1,1994,7,60000,4,4,4,3,4
1,1985,4,50000,5,1,5,5,4
2,1992,6,30000,4,1,5,3,4
1,1994,12,0,4,1,5,5,7
2,1983,4,35000,3,4,4,5,98
1,1990,11,60000,4,4,5,3,11
1,1995,7,42000,4,1,4,3,4
2,1988,4,50000,4,4,4,4,3
2,1989,3,25000,1,1,5,8,4
1,1987,4,34000,3,1,1,1,3
1,1987,12,35000,4,1,7,3,4
1,1986,4,0,3,4,5,5,3
2,1983,6,24000,4,1,3,3,6
1,1989,7,0,4,1,4,4,3
2,1999,1,9999998,3,1,5,3,3
1,1981,3,100000,3,1,1,1,4
2,1993,12,42000,3,4,6,5,4
2,1994,7,30000,5,1,5,5,1
1,1994,6,60000,3,1,4,3,3
2,1985,4,0,3,1,1,1,1
2,1981,7,0,3,3,3,3,6
2,1980,5,0,3,1,3,4,4
1,1985,12,30000,5,5,4,2,6
1,1985,10,40000,3,5,5,5,6
2,1984,4,50000,5,1,3,2,3
2,1980,4,15000,3,1,1,1,3
2,1985,10,9999999,3,3,5,5,4
2,1985,4,0,3,1,6,4,6
1,1989,4,60000,4,1,5,3,6
2,1981,3,0,3,1,3,2,3
2,1982,4,0,4,1,7,5,3
2,1987,7,20000,5,1,3,1,4
2,1986,6,15000,3,5,4,3,6
2,1980,5,24000,4,2,4,3,1
2,1998,6,0,5,4,3,3,3
1,1993,12,50000,5,1,3,2,3
2,1984,6,0,3,1,5,3,6
2,1990,10,50000,5,4,4,3,4
1,1981,12,50000,5,3,3,3,1
2,1987,4,0,5,1,5,3,3
2,1980,4,5000,5,1,5,3,3
1,1982,4,20000,5,1,5,3,3
2,1994,6,24000,5,2,5,6,4
2,1993,7,0,5,4,4,3,3
1,1993,4,20000,5,1,4,3,4
1,1983,4,15000,4,1,2,1,1
1,1990,4,36000,5,1,4,3,4
2,1987,4,0,4,1,1,2,3
1,1998,6,0,5,1,2,3,4
2,1987,4,18000,5,1,5,5,4
2,1985,4,36000,5,1,5,8,3
1,1995,12,2000,5,5,5,5,5
1,1987,7,24000,5,5,4,2,3
1,1980,9,50000,3,3,5,3,4
1,1982,6,35000,3,2,1,4,7
2,1984,6,26000,4,1,4,4,6
1,1981,4,0,5,2,2,2,4
1,1998,12,0,4,3,4,4,4
2,1987,4,0,4,1,5,9,6
1,1984,4,100000,3,1,7,2,1
1,1991,4,50000,5,1,4,2,3
2,1981,4,20000,3,1,4,3,4
1,1985,4,40000,4,1,3,4,6
1,1980,4,30000,3,4,3,10,3
2,1998,12,300,3,1,5,4,6
2,1987,4,0,5,1,5,3,3
2,1989,10,0,4,1,5,3,6
2,1980,7,30000,4,3,5,5,3
1,1998,10,0,5,1,6,5,3
2,1988,10,28800,4,1,6,7,6
1,1985,4,41000,5,1,4,1,2
1,1985,3,42000,3,1,5,1,3
2,1986,4,21000,3,1,1,1,4
1,1989,8,30000,3,1,5,3,3
2,1981,4,27000,3,1,1,2,1
1,1993,4,30000,3,1,5,5,4
1,1993,4,23000,3,4,1,3,3
1,1989,8,8000,5,1,3,1,98
1,1996,4,50000,4,1,3,1,2
1,1987,3,10000,5,1,1,1,3
2,1987,4,20000,3,1,5,3,6
1,1990,4,10000,4,1,3,1,3
2,1987,4,40000,4,3,8,5,4
1,1994,4,20000,3,1,2,1,3
1,1987,10,80000,5,1,2,1,4
2,1994,12,15000,3,3,1,5,3
2,1993,5,35000,5,1,5,3,3
2,1980,7,9999997,4,1,4,2,1
2,1982,3,20000,4,1,5,1,4
2,1981,12,30000,5,1,5,3,3
2,1985,12,40000,4,3,5,3,3
2,1987,12,30000,5,3,6,3,4
2,1994,12,0,5,1,5,3,4
1,1994,11,70000,5,5,3,2,98
2,1995,12,9999997,3,2,6,3,4
2,1993,4,110000,4,1,4,1,3
2,1987,4,10000,2,1,1,6,3
1,1980,3,20000,3,1,1,1,3
1,1982,4,23000,4,1,4,3,1
1,1985,12,9999998,5,5,7,5,6
1,1992,6,40000,4,5,6,8,3
1,1984,4,60000,4,1,3,3,3
1,1981,4,70000,5,1,5,4,14
1,1999,6,0,4,3,3,6,4
1,1992,6,50000,5,1,5,3,4
1,1983,10,160000,4,3,5,5,4
2,1980,4,9999998,4,1,4,1,6
2,1988,6,70000,3,5,3,1,6
2,1991,10,50000,5,2,1,2,6
2,1980,4,10000,3,1,2,1,3
1,1984,6,80000,5,1,6,3,3
2,1986,4,0,2,1,3,5,4
2,1985,4,0,3,1,5,7,6
1,1994,6,60000,5,1,5,6,4
2,1985,4,40000,4,1,5,5,4
2,1981,4,20000,3,1,5,5,3
2,1985,4,10000,5,1,5,4,4
1,1990,6,0,3,1,3,4,4
2,1998,12,9999997,5,2,1,1,6
1,1989,8,24000,3,1,5,4,2
1,1987,6,40000,5,2,5,5,6
2,1999,5,0,3,3,4,4,6
2,1997,12,9999997,5,1,4,5,4
1,1987,6,21600,5,2,4,3,1
2,1998,12,9999997,5,5,6,6,10
1,1982,10,9999998,4,3,5,4,10
2,1987,7,30000,5,1,3,3,3
2,1982,4,0,3,1,3,3,98
2,1995,6,110000,5,1,6,5,4
2,1989,10,30000,4,3,5,4,6
1,1992,4,30000,5,1,3,2,3
2,1992,13,40000,5,3,4,2,7
2,1980,6,100000,5,1,5,3,10
2,1994,6,0,4,3,4,3,6
2,1997,12,0,4,3,5,3,8
1,1998,5,0,3,3,2,3,8
1,1980,12,350000,3,1,2,4,4
1,1984,10,30000,3,3,3,2,4
2,1996,4,9999998,4,1,5,4,98
1,1989,4,30000,5,1,3,2,3
1,1990,4,9999998,3,1,1,1,4
2,1982,4,20000,4,1,5,5,4
2,1998,11,0,5,1,4,4,3
2,1997,10,0,4,1,4,1,3
1,1987,12,30000,4,1,5,4,7
2,1986,4,0,3,1,6,5,1
2,1985,3,0,5,1,2,2,3
2,1982,3,0,4,1,3,2,1
2,1998,6,9999999,5,1,7,6,99
1,1984,4,120000,5,1,5,5,6
1,1990,10,50000,5,1,6,4,3
1,1982,6,9999998,5,3,7,5,7
1,1995,4,40000,2,1,3,3,3
1,1987,7,100000,3,2,4,4,4
1,1987,13,100000,5,3,6,5,10
2,1987,1,0,3,4,3,2,2
2,1995,12,600,5,3,4,4,12
2,1984,4,9999998,5,1,5,1,3
2,1985,5,100000,1,3,4,3,4
1,1987,6,120000,4,2,4,3,5
2,1993,6,9999999,4,1,5,4,6
2,1982,11,40000,4,1,6,5,3
1,1980,11,30000,4,1,4,3,10
2,1992,11,30000,4,1,6,5,3
2,1982,6,40000,5,1,8,5,6
2,1989,6,90000,5,3,4,4,4
1,1983,7,80000,5,2,5,4,4
2,1982,1,0,4,3,5,5,3
1,1994,12,150000,5,3,3,3,7
2,1994,12,30000,4,3,5,5,12
2,1982,4,60000,3,5,5,4,1
2,1988,10,9999997,4,1,8,5,6
2,1995,4,0,4,1,4,4,98
2,1995,6,24000,3,1,6,5,3
2,1983,4,9999997,5,1,3,3,4
1,1982,4,30000,4,1,4,3,3
1,1997,6,30000,4,1,4,3,4
2,1990,6,0,4,1,2,2,1
1,1987,6,70000,5,1,7,6,1
2,1989,7,50000,3,1,5,4,4
2,1981,7,30000,4,1,3,2,4
1,1990,4,28000,3,2,4,3,4
1,1982,4,80000,4,4,7,7,4
1,1989,6,60000,4,1,6,4,10
2,1982,4,0,5,1,5,3,1
1,1982,6,80000,4,1,6,4,3
1,1991,6,96000,5,1,5,4,1
2,1989,5,40000,4,1,5,2,4
1,1980,6,100000,4,2,7,6,4
2,1990,10,60000,5,2,5,5,3
2,1989,12,70000,4,5,6,5,6
1,1989,4,9999998,4,2,5,5,7
1,1981,4,10000,4,1,5,5,3
2,1982,4,0,4,1,3,2,3
1,1981,4,6200,3,1,4,4,1
2,1996,10,0,5,1,5,4,4
1,1982,5,50000,4,1,3,2,3
1,1992,4,50000,4,1,4,3,4
1,1980,4,9999999,4,1,4,4,4
2,1987,3,20000,2,1,3,2,4
2,1993,4,30000,4,1,6,6,3
1,1981,6,100000,5,1,6,4,1
1,1995,6,40000,4,1,5,5,4
2,1991,12,60000,3,1,3,2,3
2,1988,7,2000,4,1,6,3,3
2,1998,6,9999997,4,3,5,6,4
2,1995,12,9999997,4,1,3,3,4
2,1983,12,60000,4,1,6,4,6
1,1983,4,100000,5,1,8,6,3
2,1982,6,30000,3,1,6,4,3
1,1994,10,9999997,4,1,5,3,3
2,1980,7,0,4,1,3,2,4
1,1997,6,10000,2,5,4,5,12
2,1995,10,9999997,5,1,6,5,4
2,1990,4,9999998,4,1,5,5,98
2,1991,4,50000,5,1,6,4,1
2,1983,1,0,4,1,4,3,3
2,1987,4,30000,4,1,5,5,1
2,1987,11,9999997,3,1,5,8,4
1,1983,1,0,4,1,98,98,5
1,1998,5,12000,4,5,1,1,6
2,1985,6,9999999,4,1,3,1,6
1,1996,12,0,5,5,5,5,6
1,1999,10,10000,5,5,5,4,4
1,1986,10,72000,5,1,5,3,1
2,1995,9,30000,3,5,2,1,6
2,1988,9,60000,4,5,4,6,4
2,1991,12,40000,5,5,6,4,4
2,1982,7,50000,3,1,6,4,3
2,1996,6,0,4,5,4,4,4
1,1983,10,36000,4,5,6,8,6
1,1982,4,30000,3,1,2,1,3
1,1987,6,60000,3,5,4,2,3
2,1998,12,0,4,5,5,5,6
1,1983,4,30000,3,5,3,3,1
2,1983,6,60000,4,5,6,6,3
2,1985,11,36000,4,5,5,4,4
2,1990,4,85000,3,3,4,3,98
1,1981,11,40000,4,5,4,3,6
1,1993,12,60000,4,5,3,3,6
1,1981,11,72000,4,5,3,2,3
1,1992,9,72000,4,5,4,7,6
2,1997,12,8000,3,5,3,5,4
2,1983,12,50000,4,5,7,6,6
2,1985,11,50000,4,5,5,4,6
2,1995,7,10000,4,5,4,1,3
1,1995,12,0,5,5,6,6,9
2,1984,10,80000,5,5,5,5,4
2,1991,12,50000,5,5,5,4,6
1,1992,11,70000,5,5,5,6,12
2,1991,12,50000,5,5,2,2,5
1,1989,12,100000,5,5,5,3,4
2,1986,13,60000,5,2,6,5,7
2,1982,10,36000,4,3,8,8,6
1,1988,7,9999997,5,3,5,4,6
1,1984,12,50000,5,5,5,4,4
2,1985,11,60000,4,3,6,5,3
2,1989,4,12000,5,1,5,2,4
1,1987,12,36000,3,3,5,5,6
2,1987,12,48000,4,5,6,5,9
2,1982,13,100000,4,1,5,2,1
2,1987,13,100000,3,5,5,3,6
2,1986,12,96000,5,3,6,5,4
2,1994,12,0,5,5,2,2,7
2,1987,12,90000,4,5,7,7,12
2,1982,10,250000,4,5,5,4,3
2,1994,12,100000,3,1,1,1,3
2,1981,12,48000,5,5,5,5,4
2,1981,10,30000,3,3,4,4,4
1,1982,13,300000,5,5,7,6,6
1,1982,10,100000,4,1,4,2,3
2,1990,12,78000,5,5,4,4,10
2,1983,7,60000,4,1,4,4,6
2,1993,12,30000,4,5,2,4,12
1,1987,13,150000,5,5,4,4,12
1,1995,4,10000,5,1,5,5,1
1,1988,12,200000,4,5,5,4,3
2,1980,6,40000,5,3,6,4,3
2,1999,8,30000,4,1,4,2,3
2,1996,10,0,4,1,3,4,3
2,1993,5,20000,4,5,5,3,5
2,1988,10,20000,4,1,3,2,1
1,1990,12,80000,4,1,4,2,3
1,1980,4,150000,5,1,4,4,4
2,1995,10,12000,4,1,5,5,6
2,1992,12,0,3,1,5,5,7
2,1992,12,45000,4,1,5,5,3
2,1994,12,12500,3,2,3,4,3
2,1984,7,48000,4,3,5,3,6
2,1992,11,60000,4,1,5,5,3
2,1990,7,30000,5,2,1,3,3
1,1993,12,60000,5,5,3,3,5
2,1987,4,40000,4,4,5,4,6
2,1987,6,55000,4,1,5,5,6
1,1981,10,50000,5,2,5,5,4
2,1986,13,300000,4,3,8,5,9
1,1986,12,600000,5,5,6,2,9
2,1995,13,1000,3,1,1,3,11
1,1985,12,500000,4,5,4,1,3
2,1991,12,210000,5,5,6,6,4
2,1982,11,110000,3,1,5,1,6
1,1981,12,180000,3,1,5,2,3
1,1989,11,100000,5,3,5,2,12
1,1986,13,200000,2,5,5,5,12
2,1997,12,0,3,5,5,2,13
2,1983,11,50000,4,1,5,3,4
2,1989,12,120000,4,4,5,5,4
1,1982,4,90000,4,1,4,7,6
1,1993,12,60000,5,1,3,1,3
1,1995,10,36000,5,1,6,5,4
2,1986,12,50000,3,1,6,5,6
1,1997,12,15000,4,4,5,5,6
1,1998,6,0,4,4,5,5,6
2,1985,6,0,4,1,5,9,4
2,1998,12,9999997,5,1,4,4,12
1,1993,5,50000,4,1,5,7,4
2,1992,12,84000,5,1,7,5,12
1,1982,4,120000,4,1,4,2,6
2,1983,4,40000,4,1,4,2,4
2,1980,6,36000,4,1,5,6,3
1,1994,4,0,3,4,5,5,4
1,1989,12,60000,3,4,1,5,3
1,1984,6,70000,4,1,6,6,4
2,1994,12,24000,3,1,3,3,6
2,1985,6,9999999,3,1,5,7,3
1,1989,8,60000,5,1,5,4,4
1,1993,7,40000,4,1,2,5,98
2,1985,4,9999997,5,1,2,2,4
1,1983,10,9999998,4,1,3,3,4
1,1985,8,120000,4,1,3,2,98
2,1988,6,0,4,1,5,8,3
2,1981,6,0,4,1,5,3,3
1,1983,7,30000,3,1,3,2,6
1,1981,6,60000,4,1,5,3,98
1,1999,6,0,4,1,5,4,4
1,1987,10,24000,2,1,3,5,3
2,1997,12,9999999,3,3,6,5,6
2,1989,4,9999999,4,1,3,2,3
2,1987,10,100000,4,1,5,5,4
1,1994,10,25000,4,1,2,3,9
2,1983,9,60000,4,3,5,9,6
1,1988,6,9999999,4,1,3,4,6
1,1989,6,9999998,4,1,3,1,3
1,1980,12,9999998,4,3,6,5,6
2,1992,6,36000,4,1,5,3,4
1,1992,5,50000,3,1,5,3,4
2,1997,12,9999997,3,5,5,4,9
2,1989,12,100000,4,1,5,2,6
1,1994,12,0,4,5,6,7,6
2,1981,11,200000,3,4,6,4,3
2,1995,3,35000,3,1,6,3,1
2,1998,6,120000,5,3,5,2,4
1,1995,10,35000,4,3,5,5,10
2,1989,10,96000,4,1,6,2,4
2,1984,11,156000,3,5,6,6,6
2,1983,6,200000,3,1,4,1,4
2,1995,10,50000,4,5,6,4,13
2,1995,12,0,4,2,7,6,3
2,1982,6,0,3,1,6,1,4
1,1996,10,0,3,5,3,5,10
2,1989,6,70000,5,1,5,5,3
2,1991,9,72000,4,2,5,4,6
1,1983,4,15000,3,1,1,2,3
2,1992,12,50000,5,2,2,4,4
1,1985,12,300000,4,1,6,4,7
2,1981,4,240000,4,1,6,6,4
1,1992,13,0,4,1,3,2,3
1,1980,13,200000,4,2,6,7,6
2,1988,11,50000,3,3,6,5,6
1,1984,7,150000,4,1,4,5,3
2,1994,6,0,5,3,3,4,98
2,1995,10,9000,4,2,6,6,3
2,1989,10,120000,5,1,4,4,3
1,1980,6,120000,4,1,5,1,3
2,1990,12,70000,3,4,3,3,6
2,1986,4,40000,4,1,2,6,98
1,1991,4,30000,5,1,2,1,6
1,1985,10,9999999,4,1,3,2,4
2,1981,12,300000,4,1,6,3,7
2,1989,12,80000,3,3,5,4,9
1,1984,12,200000,3,1,3,2,6
2,1997,11,160000,4,5,5,5,4
1,1992,12,70000,4,1,1,4,3
1,1991,6,84000,3,3,6,6,6
1,1982,11,500000,4,1,5,99,3
2,1995,12,48000,5,1,3,5,6
2,1993,7,9999999,5,1,6,8,4
2,1987,3,20000,3,1,3,3,3
1,1996,4,30000,4,1,5,2,3
2,1982,3,0,3,1,2,2,1
2,1984,4,0,4,1,6,6,4
1,1988,4,24000,3,1,3,2,3
2,1986,4,50000,3,1,4,3,3
2,1981,3,0,3,1,3,2,3
1,1982,3,30000,3,1,3,3,1
2,1981,4,70000,3,1,5,3,4
1,1983,4,48000,4,1,6,9,3
1,1995,3,40000,5,1,1,1,3
1,1985,4,35000,3,1,3,4,3
1,1997,4,0,5,1,5,5,4
2,1992,6,14400,4,1,4,4,6
1,1982,3,2000,3,1,4,4,3
1,1995,4,40000,5,2,6,6,6
1,1998,6,0,4,1,3,4,4
1,1981,4,50000,4,1,4,4,4
1,1981,4,55000,3,1,5,5,3
1,1996,5,0,4,1,4,5,4
1,1985,4,18000,5,1,3,1,4
2,1984,4,0,3,1,7,8,3
1,1986,3,45000,3,1,5,2,1
2,1983,1,6000,2,1,3,3,3
2,1986,3,0,5,1,4,4,1
1,1997,6,0,4,1,5,4,4
2,1992,4,18000,4,1,3,8,3
2,1985,3,7000,4,1,2,1,1
1,1991,4,30000,4,1,4,8,3
2,1992,4,10000,3,1,5,6,3
1,1991,3,30000,3,1,4,4,4
2,1991,4,20000,3,1,7,6,4
1,1998,4,30000,3,1,5,5,3
2,1984,3,25000,3,1,5,1,3
2,1990,4,0,3,1,5,5,4
1,1983,4,100000,4,1,6,3,6
1,1998,6,42000,3,1,4,3,4
1,1983,4,50000,5,1,4,7,1
1,1984,6,60000,3,3,6,5,4
1,1985,6,30000,4,5,5,4,3
2,1981,10,36000,4,5,5,5,7
1,1981,12,100000,5,3,99,99,12
1,1997,4,36000,4,1,5,4,3
1,1994,4,40000,4,1,3,3,1
2,1993,13,0,5,5,7,5,13
1,1991,6,35000,4,1,3,1,2
1,1997,5,0,4,1,2,2,3
2,1994,12,60000,5,5,6,5,12
2,1987,13,0,4,5,7,6,12
2,1998,12,20000,5,5,6,5,12
1,1992,4,40000,4,1,3,2,1
2,1988,5,2000,4,1,5,2,2
1,1987,12,60000,4,5,5,5,6
2,1983,12,66000,5,5,6,5,10
2,1987,4,5000,4,1,4,2,1
2,1981,12,42000,4,5,6,5,7
2,1989,12,100000,4,5,6,5,10
1,1999,6,0,4,5,5,4,5
2,1993,12,60000,5,4,5,4,4
1,1994,13,0,5,5,6,5,12
1,1997,4,30000,4,1,3,3,3
2,1994,13,0,5,5,7,5,12
2,1992,13,0,4,5,5,4,12
1,1992,4,40000,4,1,3,3,1
2,1996,12,0,5,5,7,6,10
1,1980,7,30000,4,1,5,1,1
1,1981,13,300000,4,5,7,5,12
2,1993,5,40000,4,1,4,3,1
1,1994,4,24000,4,1,5,4,3
1,1998,6,3500,4,1,3,2,4
2,1998,6,1000,3,1,2,2,4
2,1983,3,20000,3,1,5,3,1
2,1982,3,2000,3,1,4,3,1
2,1991,7,20000,5,1,3,3,4
2,1986,4,7000,5,1,5,3,1
2,1986,4,6000,5,1,5,5,6
2,1982,3,0,3,1,1,1,1
2,1980,4,10000,3,1,5,2,3
2,1991,10,0,5,1,4,7,4
2,1988,4,0,4,1,3,2,4
2,1999,6,0,4,1,5,5,4
2,1997,12,0,3,1,1,1,3
1,1989,3,0,4,1,1,1,4
2,1982,3,0,3,1,1,1,3
1,1994,5,0,5,1,5,5,3
1,1982,6,24000,4,5,4,9,4
2,1989,4,0,4,3,2,1,3
1,1999,11,0,5,5,6,3,4
2,1999,6,0,4,5,3,3,3
1,1987,9,27600,4,5,3,1,3
2,1987,1,9999999,4,5,2,1,3
2,1982,4,36000,4,5,5,2,6
2,1980,4,0,4,5,1,5,3
2,1989,6,0,4,3,6,5,3
1,1993,9,0,5,5,5,4,11
2,1994,6,24000,4,1,6,5,3
2,1987,10,24000,4,1,5,3,6
2,1991,10,39000,4,1,6,1,4
1,1996,7,120000,3,1,1,1,4
1,1997,10,0,4,5,4,5,4
1,1981,12,200000,4,5,7,5,6
1,1980,6,50000,5,5,5,4,1
2,1995,12,4000,2,2,2,2,4
2,1982,3,20000,5,1,2,2,1
2,1993,4,0,3,1,6,2,4
2,1980,9,100000,4,3,3,1,4
1,1980,4,18000,4,1,3,1,1
2,1987,4,30000,3,5,5,5,6
1,1983,10,50000,4,5,5,7,12
2,1986,4,0,3,2,3,1,4
1,1986,6,100000,5,1,4,2,4
2,1986,12,30000,3,1,2,8,1
2,1987,4,0,3,1,3,2,4
1,1993,4,20000,3,1,4,1,3
1,1987,4,24000,3,1,1,1,3
2,1982,4,20000,5,1,5,2,4
1,1986,9,36000,4,1,3,3,6
2,1989,4,0,4,1,5,4,3
1,1986,3,8000,3,1,1,1,3
2,1997,12,900,3,1,6,4,4
1,1993,7,36000,5,1,3,4,3
2,1993,9,24000,4,1,1,1,98
1,1993,5,5000,4,1,5,4,7
2,1999,4,9999997,5,1,1,5,3
2,1997,10,4000,4,1,4,3,4
2,1986,2,1680,2,1,1,1,1
2,1999,7,9999997,5,1,5,6,3
1,1981,4,25000,4,1,5,1,1
1,1992,12,0,5,1,3,2,98
1,1999,6,0,5,1,1,3,3
2,1994,12,4000,3,1,3,3,4
2,1980,4,6000,4,1,5,5,3
2,1981,4,0,3,1,2,1,3
1,1989,4,24000,5,1,5,4,3
1,1998,4,16000,3,1,1,1,3
1,1981,4,50000,3,1,5,1,6
2,1988,4,5000,4,1,2,1,3
1,1998,7,0,3,1,4,2,3
2,1989,4,0,4,1,1,2,4
2,1987,3,3000,3,1,4,1,3
2,1988,4,10000,3,1,6,1,5
2,1994,12,0,4,1,5,5,10
2,1984,4,9999997,3,1,4,1,3
1,1988,4,9999997,3,1,5,1,3
1,1989,3,9999998,3,1,4,7,4
1,1998,10,9999997,4,4,5,4,4
2,1987,4,0,4,1,3,2,3
1,1983,3,9999997,3,2,5,5,4
2,1982,4,30000,4,1,5,1,3
2,1989,10,0,5,1,6,4,1
2,1985,4,30000,4,1,4,3,3
2,1987,1,40000,4,1,5,5,3
2,1988,6,12000,5,1,4,4,3
1,1990,7,9999998,3,2,2,1,6
1,1992,11,80000,5,1,4,3,4
2,1995,12,0,3,2,5,2,6
2,1994,4,0,5,5,5,5,98
1,1999,6,0,4,1,1,1,3
2,1989,4,0,4,1,5,5,3
1,1994,4,30000,2,1,1,1,3
1,1993,10,90000,5,3,6,5,4
1,1990,3,40000,2,1,5,4,3
1,1992,5,70000,3,1,4,4,3
2,1980,3,10000,5,1,3,3,3
2,1987,4,0,4,1,1,1,4
2,1992,6,9999998,4,1,5,5,4
2,1992,3,0,3,1,2,6,3
2,1980,4,10000,4,1,4,4,3
2,1982,4,10000,5,1,5,3,3
1,1992,4,35000,4,2,2,2,3
2,1981,4,0,5,1,4,1,1
1,1981,7,100000,5,1,7,3,3
2,1985,3,4000,2,1,2,1,1
1,1983,3,9600,1,1,5,3,1
1,1999,6,9999997,4,1,5,5,3
2,1984,3,0,2,1,5,5,3
2,1997,4,0,5,1,5,5,4
1,1993,5,0,5,1,7,4,3
2,1980,3,3000,4,1,4,5,3
2,1989,4,0,3,1,2,2,2
1,1992,3,0,4,1,2,1,3
1,1986,3,10000,3,1,3,1,3
1,1981,4,3000,4,1,2,1,1
2,1982,3,0,1,1,1,1,6
1,1982,4,40000,4,1,3,1,3
2,1988,6,20000,4,1,4,2,3
2,1991,6,24000,4,1,6,4,3
2,1996,12,0,5,2,6,5,3
1,1980,8,30000,4,1,5,3,3
1,1999,6,0,5,5,6,5,12
2,1999,6,0,4,1,1,1,4
2,1992,13,0,5,1,4,4,6
2,1990,3,4000,5,1,1,1,1
2,1989,3,4000,3,1,5,2,1
1,1982,3,30000,2,1,6,3,1
1,1985,1,1200,2,1,2,1,3
2,1985,4,30000,5,1,3,2,6
1,1983,9,50000,4,1,4,2,4
1,1994,11,150000,5,1,6,2,4
2,1983,4,35000,5,1,4,3,3
2,1985,9,0,5,1,1,1,4
2,1981,4,0,3,1,1,1,3
1,1981,6,70000,5,1,4,5,4
2,1987,6,45000,5,1,3,3,4
2,1997,12,0,5,1,4,4,4
1,1993,10,0,5,1,5,3,4
2,1996,10,0,5,1,5,3,4
1,1990,11,50000,5,5,3,3,4
2,1988,13,80000,5,1,5,3,6
1,1990,10,80000,5,1,6,3,1
1,1996,6,8000,5,4,5,3,4
1,1989,12,60000,5,1,4,4,4
2,1987,4,10000,5,1,5,3,3
1,1997,12,4000,5,2,4,4,4
2,1996,1,0,5,1,5,3,1
1,1983,3,40000,4,1,5,4,1
1,1982,4,10000,4,1,4,3,1
2,1996,11,3000,5,1,3,3,3
1,1987,7,30000,4,1,3,1,4
2,1997,7,19200,5,2,4,4,3
1,1993,12,8000,5,1,5,4,4
2,1983,6,40000,4,1,6,6,3
2,1992,5,0,4,1,5,5,3
1,1982,5,60000,3,5,5,5,3
1,1994,12,0,5,1,4,3,3
2,1982,1,0,4,3,6,4,3
1,1995,9,24000,4,1,3,3,3
2,1986,4,0,4,1,5,4,3
2,1996,6,20000,4,1,5,3,4
2,1996,5,15000,5,5,1,1,3
2,1999,7,3000,5,1,3,3,4
2,1998,4,20000,5,1,5,4,3
1,1983,4,50000,5,1,6,3,4
2,1994,4,24000,5,98,2,5,3
1,1991,10,60000,4,1,3,2,4
2,1988,6,0,4,5,5,4,1
2,1982,6,6000,5,1,5,1,6
2,1984,6,50000,4,1,4,3,3
2,1983,6,50000,3,3,5,5,4
2,1986,10,25000,3,1,5,3,3
1,1993,6,25000,4,1,4,4,3
2,1989,6,30000,4,1,5,3,4
2,1997,6,25000,4,1,5,3,4
1,1990,7,50000,5,1,6,4,4
2,1982,11,50000,4,1,5,3,3
1,1987,6,36000,4,1,6,6,4
1,1986,6,40000,5,2,4,3,1
1,1982,4,20000,5,1,2,2,98
2,1984,4,12000,3,1,4,5,1
2,1997,12,0,5,2,5,3,4
2,1997,12,0,5,3,6,3,6
1,1994,6,50000,5,3,4,4,4
1,1991,10,10000,4,1,3,3,3
2,1995,12,0,4,1,6,5,4
1,1991,12,90000,5,3,4,4,6
2,1982,1,50000,5,3,4,3,4
2,1990,1,30000,5,3,3,3,3
1,1996,12,50000,5,3,6,5,6
2,1983,4,30000,1,1,3,1,1
2,1986,9,8000,5,1,3,1,6
1,1986,6,12000,5,1,1,1,3
2,1982,4,2000,5,1,3,1,1
2,1990,7,30000,4,1,4,2,6
2,1995,6,24000,5,1,5,4,3
2,1982,4,30000,5,1,2,1,2
2,1986,6,26000,5,1,2,1,4
2,1995,10,30000,4,1,2,2,4
1,1986,12,40000,5,1,5,3,6
2,1984,9,26400,3,1,3,2,3
2,1999,6,0,4,1,5,4,4
2,1993,7,0,3,2,4,3,3
2,1983,6,20000,3,1,3,2,3
2,1994,5,30000,4,3,3,2,4
2,1989,12,20000,3,1,5,4,10
1,1984,9,60000,4,1,5,3,3
1,1992,7,100000,4,1,5,4,4
2,1995,7,0,3,1,5,4,3
2,1987,7,23000,4,2,5,4,3
2,1986,7,10000,4,1,5,5,4
2,1982,4,0,3,1,5,5,4
1,1992,7,0,3,1,1,1,3
2,1994,4,0,4,1,6,6,3
2,1991,11,20000,5,1,4,1,3
2,1981,3,0,2,1,2,2,1
2,1991,4,10000,5,1,5,5,3
2,1985,3,20000,5,1,1,1,4
1,1999,6,0,5,1,4,3,4
2,1996,4,5000,4,1,3,1,3
1,1994,6,5500,4,1,4,2,4
2,1987,3,5000,3,1,3,2,3
1,1992,4,20000,5,1,1,1,4
2,1996,4,40000,4,1,3,3,3
2,1984,4,0,5,1,4,2,3
1,1981,4,10000,5,1,5,4,4
1,1980,7,10000,4,1,5,1,3
2,1987,4,0,4,1,2,1,98
2,1982,7,80000,4,1,7,6,3
2,1990,13,0,3,5,6,3,6
1,1990,10,80000,3,1,4,3,3
1,1991,10,32000,5,4,5,7,4
2,1996,12,0,4,5,5,3,4
2,1990,12,50000,4,5,6,3,4
2,1988,12,60000,5,5,6,6,4
2,1994,10,80000,4,5,7,7,4
1,1991,13,0,4,5,6,3,5
1,1985,6,50000,4,5,5,5,4
2,1995,6,30000,4,1,6,6,3
1,1993,10,30000,4,1,4,7,4
1,1987,7,60000,4,1,7,6,3
1,1994,7,50000,4,3,6,5,3
1,1992,12,50000,4,1,5,7,4
2,1996,12,0,4,5,4,4,4
1,1997,10,0,4,5,4,5,6
1,1992,7,30000,4,5,5,3,3
1,1995,6,50000,5,5,5,5,7
1,1995,6,20000,3,1,4,2,4
1,1982,6,100000,4,5,5,5,4
1,1992,12,40000,4,1,4,4,3
2,1990,6,50000,4,5,4,3,4
2,1985,6,30000,3,5,5,3,4
1,1992,12,48000,4,2,4,4,4
2,1985,6,30000,3,5,5,5,4
2,1993,10,80000,4,5,7,6,6
1,1988,13,30000,4,5,6,3,6
2,1992,12,0,4,5,5,4,5
1,1992,12,60000,4,1,7,6,4
1,1987,6,70000,3,1,5,3,4
2,1995,10,0,3,5,5,5,4
1,1989,13,20000,4,5,5,3,5
1,1993,12,50000,4,5,4,3,7
2,1994,1,20000,4,5,6,3,4
2,1992,12,72000,4,4,7,7,4
2,1989,12,0,4,5,5,5,4
2,1995,10,40000,4,5,4,5,6
2,1995,6,30000,3,2,4,3,4
1,1991,12,60000,4,5,4,4,6
1,1982,6,80000,3,1,5,4,4
2,1997,10,0,4,1,4,3,4
1,1980,6,50000,4,5,5,3,3
1,1996,5,60000,5,5,5,4,4
2,1994,11,9999997,4,5,5,4,4
2,1990,12,60000,4,5,7,7,10
1,1997,10,0,5,1,5,3,3
2,1987,4,0,4,2,5,5,4
2,1981,12,50000,3,1,5,2,3
1,1992,11,40000,5,1,5,3,4
2,1983,6,40000,4,1,7,8,7
1,1991,12,30000,3,4,5,3,7
1,1985,12,30000,3,5,3,3,4
1,1999,6,0,3,5,5,2,7
1,1994,6,9999997,3,2,4,5,4
1,1981,9,200000,3,1,5,2,3
1,1992,10,20000,3,5,3,2,7
2,1994,11,20000,5,1,4,3,4
2,1992,11,30000,4,1,3,3,3
1,1988,12,50000,3,5,3,2,3
1,1998,6,0,3,4,2,3,7
1,1994,11,30000,4,4,4,5,4
1,1989,10,50000,5,1,5,3,4
1,1995,10,10000,5,5,5,4,4
1,1994,10,50000,5,1,5,3,4
1,1995,11,0,5,1,5,3,4
2,1995,3,30000,4,1,5,5,4
1,1999,6,0,3,5,5,2,7
2,1993,7,30000,4,1,5,5,1
1,1992,6,10000,5,1,2,3,3
1,1990,6,0,4,4,5,3,7
2,1998,10,0,5,1,5,3,4
2,1995,6,20000,4,1,4,4,3
1,1998,6,0,4,4,5,6,6
1,1994,10,0,4,1,6,4,3
1,1996,10,0,5,1,5,4,3
1,1998,6,0,3,4,2,2,7
1,1994,7,2000,3,4,5,2,7
2,1991,5,40000,4,1,4,5,3
1,1999,1,0,4,2,2,3,10
1,1996,10,0,4,1,5,3,1
2,1989,10,60000,4,1,1,1,1
1,1992,11,60000,4,1,3,5,4
2,1988,1,0,4,1,1,1,1
2,1982,3,0,2,1,1,1,1
1,1996,10,15000,4,5,4,3,4
2,1996,10,30000,2,1,5,6,4
2,1995,10,10000,3,5,4,5,4
1,1994,12,20000,4,5,4,6,4
2,1993,1,8000,4,5,4,6,4
2,1987,4,30000,3,1,5,5,6
2,1993,4,30000,4,1,6,5,1
1,1981,4,0,4,1,3,5,4
2,1996,11,0,4,5,6,6,6
1,1982,4,60000,4,1,6,5,4
2,1994,12,0,4,5,4,5,4
2,1996,11,0,5,5,4,7,4
1,1995,12,0,4,5,4,3,7
1,1989,6,60000,3,1,5,1,3
2,1989,10,30000,2,1,5,3,4
1,1984,4,22000,3,1,1,1,6
1,1994,11,60000,3,4,5,5,4
1,1994,11,20000,5,1,4,2,4
2,1995,6,0,4,1,5,4,4
1,1997,4,20000,3,5,5,5,3
1,1998,6,50000,4,1,3,4,4
2,1987,4,0,3,1,2,2,1
2,1991,4,0,4,1,1,5,3
1,1994,4,0,5,3,7,7,3
1,1997,6,50000,4,5,5,4,4
2,1998,10,0,4,1,4,3,4
2,1994,12,10000,4,5,7,5,6
1,1994,12,20000,4,5,4,4,4
1,1999,6,36000,4,5,4,3,4
2,1987,4,0,4,1,5,5,4
2,1999,6,0,5,5,4,4,4
2,1990,10,48000,4,1,6,5,3
2,1994,1,6000,4,5,5,6,4
2,1999,6,0,4,5,4,4,3
2,1995,11,8000,4,2,5,4,4
2,1998,4,40000,4,1,4,3,4
1,1990,9,60000,4,5,5,4,4
1,1999,4,50000,4,5,5,5,4
2,1991,12,42000,5,1,4,4,3
2,1996,10,0,3,5,5,3,4
1,1996,12,0,5,1,7,7,7
1,1996,5,30000,5,5,6,6,6
2,1997,11,5000,4,2,4,3,4
2,1998,7,0,3,2,5,2,4
2,1994,12,48000,5,1,7,6,3
2,1996,10,9999997,5,1,3,3,3
2,1987,4,0,4,1,6,5,1
2,1993,6,0,3,1,1,3,4
1,1980,3,1800,2,1,1,1,3
2,1991,7,0,2,1,4,3,1
1,1984,4,30000,5,1,4,3,3
1,1996,4,20000,4,5,1,1,6
2,1990,7,20000,3,5,5,3,4
2,1988,4,0,5,1,5,5,1
1,1987,7,60000,4,2,6,5,3
2,1994,10,30000,3,3,5,5,1
2,1991,10,40000,3,5,5,4,12
2,1993,12,0,5,5,6,3,98
1,1985,12,50000,4,2,5,5,4
2,1983,10,2000,3,1,3,4,10
1,1992,10,20000,3,2,4,4,3
1,1985,12,120000,4,1,8,3,9
2,1985,12,0,5,1,5,5,3
1,1990,6,30000,3,2,4,5,3
2,1993,10,20000,3,2,5,5,10
2,1988,4,9999999,5,1,2,1,3
2,1989,3,0,4,1,5,5,98
2,1989,7,30000,5,1,3,2,4
1,1993,4,60000,4,1,5,5,4
1,1984,4,23000,5,1,2,2,4
1,1981,4,3000,4,1,1,1,1
2,1989,3,15000,5,1,5,4,1
1,1998,4,0,4,1,1,1,1
2,1995,12,4500,5,1,5,4,4
1,1981,12,80000,5,1,5,5,1
1,1980,1,0,2,1,4,3,1
2,1997,12,0,5,1,5,5,4
1,1990,8,120000,5,1,5,5,4
2,1988,4,0,4,1,5,1,3
2,1987,4,4000,4,1,3,2,3
2,1995,4,10000,5,1,5,5,3
1,1997,12,0,4,1,3,3,3
2,1997,12,0,5,1,3,3,4
1,1998,4,0,5,1,3,2,3
1,1983,9,0,4,1,2,1,6
2,1980,6,20000,4,1,5,4,3
2,1998,4,9000,4,1,5,4,1
1,1992,3,4000,4,1,3,3,3
1,1981,9,10000,4,1,5,4,1
1,1987,4,15000,1,1,1,2,3
2,1980,1,8000,1,1,3,2,1
1,1982,4,10000,4,1,3,3,1
1,1995,4,30000,4,1,1,1,3
2,1988,4,15000,3,1,5,3,3
2,1985,4,30000,4,1,5,5,3
2,1997,7,0,4,1,5,5,3
1,1989,10,50000,5,3,4,4,4
1,1998,4,30000,5,5,4,5,3
1,1989,4,10000,4,1,5,2,4
2,1989,10,0,5,3,5,2,4
1,1992,12,3000,3,1,5,4,3
2,1980,3,0,3,1,4,3,1
1,1989,4,15000,4,1,5,1,3
1,1982,4,16000,3,1,2,2,4
2,1991,4,0,4,1,4,2,3
1,1993,4,30000,5,1,4,2,3
1,1980,3,5000,3,1,6,3,3
1,1990,6,20000,5,1,4,5,3
2,1995,5,0,4,1,3,4,3
2,1992,4,4500,1,1,5,3,3
2,1982,3,10000,5,1,1,1,1
2,1985,4,2500,3,1,5,4,3
1,1982,3,6000,3,1,2,1,3
2,1994,4,9999997,4,3,5,5,3
2,1985,1,0,3,1,4,4,1
1,1996,12,0,5,3,5,4,6
2,1998,10,0,4,1,4,3,3
2,1985,9,50000,4,1,5,2,3
2,1997,12,0,4,2,6,6,10
2,1995,6,0,1,1,4,3,3
2,1997,6,0,5,3,5,5,10
2,1995,12,0,5,3,4,3,7
2,1990,7,10000,4,3,5,2,4
2,1998,4,0,3,1,5,5,4
1,1986,4,10000,1,1,6,2,1
2,1985,3,3000,3,1,1,1,1
2,1988,3,5000,3,1,2,2,1
2,1980,3,0,3,1,2,1,3
1,1997,3,0,5,1,3,3,3
1,1986,3,30000,1,1,1,1,2
1,1987,3,6000,3,1,10,8,3
1,1989,4,20000,4,1,3,3,4
2,1981,3,1000,2,1,5,3,3
2,1994,10,36000,5,1,3,1,3
2,1994,4,5000,4,1,5,5,1
2,1980,1,2500,3,1,2,2,1
1,1981,1,20000,3,1,4,2,3
1,1986,4,10000,5,1,6,5,3
1,1989,10,5000,5,1,2,2,1
2,1982,3,1500,4,1,4,4,1
1,1999,6,9999998,5,2,2,2,4
1,1988,12,150000,4,3,1,1,12
1,1987,12,9999999,5,3,98,98,3
1,1980,3,9999999,3,3,98,98,98
2,1980,4,9999999,3,3,2,1,99
2,1991,4,10000,4,3,5,2,4
1,1980,9,9999998,4,3,4,3,7
1,1998,6,0,5,1,4,4,6
2,1983,3,9999997,4,1,4,3,98
2,1995,4,0,4,1,5,4,3
2,1982,4,3000,3,1,3,2,3
2,1997,6,0,5,1,5,4,3
2,1999,4,0,5,1,5,4,3
2,1988,3,0,2,1,5,5,1
1,1982,4,25000,3,1,5,2,6
1,1983,4,30000,3,1,3,3,4
1,1991,9,20000,5,1,5,4,4
1,1983,4,60000,5,1,4,3,4
2,1988,4,0,3,1,3,3,98
1,1981,4,10000,3,1,6,1,1
2,1986,10,15000,4,1,3,2,6
2,1983,4,0,2,1,2,1,1
2,1990,7,30000,3,1,4,1,4
2,1989,7,0,4,1,5,8,4
1,1995,10,0,4,1,3,3,3
1,1984,4,10000,4,1,3,1,4
1,1993,4,30000,4,1,2,2,3
1,1994,12,20000,4,3,5,6,6
2,1993,10,0,5,2,3,3,4
2,1987,4,0,5,1,6,8,6
2,1990,7,45000,3,1,3,1,4
2,1991,12,30000,5,1,4,3,10
1,1980,8,12000,1,1,2,2,1
1,1986,10,48000,5,1,4,3,6
1,1990,8,2500,4,1,4,2,4
1,1992,10,50000,4,1,3,3,3
2,1999,6,9999997,5,3,5,4,4
1,1980,12,50000,5,3,4,1,1
2,1986,11,45000,4,2,5,1,6
2,1987,10,50000,4,2,6,6,4
1,1991,12,50000,5,3,6,4,4
1,1993,6,50000,5,1,5,4,4
2,1987,12,50000,4,3,6,4,3
1,1982,11,50000,5,1,4,1,4
2,1986,11,102000,4,2,5,4,4
2,1983,4,10000,3,1,3,1,1
2,1999,6,0,5,1,5,3,6
1,1999,6,0,4,3,5,5,4
2,1984,9,50000,5,3,5,4,6
2,1982,11,65000,4,1,4,3,3
1,1984,7,50000,5,3,6,4,1
2,1982,9,9999998,4,2,5,5,1
2,1982,1,100000,4,1,3,1,6
2,1992,6,0,5,1,5,4,6
2,1983,11,50000,4,2,5,4,4
1,1989,6,0,4,3,5,4,6
2,1993,12,60000,4,3,5,5,7
2,1985,12,70000,4,3,6,4,6
2,1984,4,20000,5,1,5,2,3
1,1984,4,8000,4,1,3,1,4
2,1984,12,60000,5,3,6,3,1
2,1990,6,50000,3,1,5,5,4
1,1987,11,50000,5,3,6,4,1
1,1997,6,15000,5,1,5,1,3
2,1988,10,30000,5,1,3,2,6
2,1997,6,0,4,1,5,4,4
2,1987,10,27600,4,3,5,6,3
2,1980,9,40000,4,1,3,1,2
2,1999,6,0,4,1,5,4,3
1,1991,3,22000,5,1,1,1,3
1,1986,13,60000,4,1,7,4,4
2,1987,12,50000,3,3,5,4,4
1,1998,6,0,5,3,5,4,6
2,1986,12,52000,4,2,5,6,6
2,1998,12,4000,5,3,5,5,9
2,1986,4,25000,5,3,3,1,3
2,1993,4,6000,4,1,6,8,3
2,1986,3,0,3,98,5,4,3
1,1995,6,100000,5,3,98,98,98
1,1987,4,50000,5,1,1,1,98
2,1999,6,0,4,3,4,3,6
1,1993,6,0,3,1,3,4,3
1,1985,6,60000,5,1,3,2,4
2,1989,4,0,3,1,5,5,3
2,1999,6,0,4,1,3,2,3
2,1995,5,0,3,1,5,2,4
2,1990,4,10000,3,1,3,3,4
2,1990,6,80000,3,1,4,2,6
2,1988,10,12000,4,1,5,5,4
2,1994,10,24000,3,1,5,5,4
1,1988,7,8000,4,1,4,1,98
1,1980,3,80000,5,1,3,1,3
2,1993,6,0,4,1,3,4,4
2,1998,10,0,4,1,3,3,4
2,1997,6,0,5,1,5,3,3
1,1988,4,2000,3,1,4,2,3
1,1985,3,9500,4,1,1,5,4
1,1980,7,30000,3,1,3,1,1
2,1989,4,10000,4,1,4,10,1
1,1993,4,20000,3,1,1,1,3
2,1988,5,0,4,1,6,2,1
1,1997,10,1000,4,1,4,3,3
2,1985,10,30000,4,1,6,5,4
1,1994,7,0,4,1,5,5,98
1,1990,6,50000,4,3,6,5,6
1,1983,7,100000,3,1,3,1,9
2,1990,4,0,3,2,2,1,4
1,1985,7,20000,5,1,4,3,4
1,1982,4,15000,4,1,3,3,6
2,1980,4,0,2,1,1,1,3
2,1984,4,10000,3,1,5,3,3
1,1986,4,24000,5,1,5,3,4
2,1992,6,45000,4,3,4,4,4
1,1984,3,30000,3,1,3,2,1
2,1985,3,0,3,1,5,2,4
2,1987,4,0,3,1,1,1,6
2,1983,7,0,4,1,7,3,4
2,1986,12,60000,4,1,5,6,1
2,1995,12,7500,4,1,5,4,4
2,1998,12,8000,5,1,7,9,4
1,1984,12,100000,4,1,5,2,10
2,1988,4,30000,5,1,5,1,3
2,1985,4,20000,4,1,5,5,6
2,1997,12,30000,5,3,4,5,6
2,1990,4,0,4,1,5,2,98
2,1980,3,6000,2,1,7,8,3
2,1992,10,30000,4,1,2,3,4
1,1999,6,0,4,1,4,3,6
1,1983,3,25000,3,1,3,2,4
1,1991,10,20000,4,1,5,3,3
2,1987,3,35000,4,1,2,1,6
2,1996,12,9999997,4,1,3,3,4
2,1997,12,9999997,5,1,5,4,3
1,1995,8,0,5,1,4,3,6
1,1987,12,50000,4,1,5,1,3
2,1982,4,30000,4,1,5,6,3
2,1995,12,18000,5,2,5,5,10
1,1995,10,8000,2,2,3,98,6
2,1992,9,40000,4,1,6,3,4
2,1990,6,30000,4,1,8,5,1
1,1984,4,120000,5,1,1,5,3
2,1980,3,10000,5,1,4,1,4
2,1998,6,9999998,5,3,5,6,6
2,1982,4,6000,3,1,5,3,1
2,1981,7,10000,3,1,1,1,6
1,1985,6,30000,3,1,3,3,6
2,1987,4,0,5,1,7,8,6
1,1998,6,0,2,1,4,4,4
2,1988,4,9999998,3,1,2,1,6
1,1989,1,1200,2,1,1,98,4
2,1988,7,0,5,1,5,1,4
1,1984,3,20000,5,1,1,1,4
2,1998,7,12000,4,1,4,3,6
2,1997,6,9999997,5,1,7,3,4
1,1996,12,22000,4,1,6,4,3
1,1995,10,9999997,5,1,8,3,3
1,1984,4,15000,3,1,5,3,4
2,1997,10,9999997,5,1,5,4,4
2,1997,10,9999997,4,1,5,3,3
2,1999,6,9999997,4,1,6,5,4
2,1990,4,9999998,3,1,5,1,3
2,1996,6,9999997,5,1,6,5,1
2,1991,3,0,5,1,1,1,12
1,1987,7,10000,4,1,1,1,4
1,1984,10,60000,5,5,5,5,3
1,1992,12,100000,4,5,6,5,10
1,1982,4,100000,5,1,5,2,3
1,1981,4,100000,5,1,1,1,1
1,1989,6,50000,3,1,4,6,3
2,1987,12,60000,5,3,6,4,4
1,1990,12,40000,4,5,6,5,1
1,1991,13,20000,3,1,3,1,3
2,1989,4,30000,4,1,5,5,4
2,1992,12,5000,4,2,5,4,1
2,1990,10,36000,4,1,6,5,1
1,1996,4,20000,4,1,4,5,3
1,1991,12,51600,3,3,5,6,9
1,1996,12,36000,5,1,5,5,6
2,1992,6,20000,5,1,5,2,5
2,1982,7,0,4,3,5,3,10
1,1999,6,0,5,5,5,5,4
1,1989,10,150000,4,1,6,98,3
2,1991,12,60000,4,5,5,5,10
1,1986,10,70000,4,1,4,4,4
1,1987,11,40000,4,5,5,5,6
1,1983,4,9000,3,1,3,2,2
2,1985,4,24000,4,1,4,3,4
2,1983,4,20000,4,1,4,3,3
2,1980,4,0,4,1,5,3,1
2,1982,4,3000,1,1,1,9,1
1,1998,4,0,3,1,5,5,4
2,1989,7,0,2,1,5,7,3
1,1994,4,20000,5,1,5,2,1
2,1998,6,0,3,3,2,2,6
1,1997,10,0,5,3,98,7,4
1,1995,10,0,4,3,5,5,3
1,1998,10,9999997,5,1,3,3,3
2,1980,3,10000,2,1,3,6,3
2,1991,13,20000,5,3,5,5,6
1,1980,12,60000,3,3,6,2,1
2,1990,12,25000,4,1,4,2,3
1,1990,12,100000,5,1,4,1,4
2,1997,12,0,5,2,3,2,3
1,1981,6,48000,5,3,6,7,4
2,1992,10,0,4,2,7,7,3
2,1990,3,0,3,3,1,10,3
2,1983,4,12000,4,3,5,2,4
2,1980,3,0,2,1,1,1,1
2,1980,4,0,3,3,5,8,3
1,1983,12,70000,4,1,6,3,3
1,1993,7,20000,5,1,4,2,7
2,1982,1,12000,2,1,7,3,2
2,1989,3,0,2,1,1,1,3
2,1997,12,0,4,3,3,3,4
2,1980,11,30000,5,1,5,2,3
2,1984,3,20000,4,1,3,1,4
2,1984,3,0,2,1,5,5,6
1,1997,4,22000,4,1,6,5,4
2,1985,1,10000,5,1,1,1,1
2,1992,1,20000,5,1,5,6,1
2,1980,7,2000,3,1,4,2,7
1,1991,4,15000,5,1,5,5,3
2,1993,4,20000,4,1,5,3,3
2,1988,1,9999997,3,1,7,5,4
2,1980,4,0,3,1,6,8,3
1,1994,4,15000,5,1,4,3,3
2,1981,1,12000,1,1,5,1,1
1,1993,6,21000,3,1,3,2,3
2,1981,1,6000,3,1,3,1,1
2,1994,4,0,5,1,5,8,4
2,1985,3,40000,3,1,2,3,1
2,1999,4,0,5,1,8,10,3
2,1981,4,7000,3,1,4,1,3
1,1990,4,60000,5,1,2,3,6
2,1998,4,5000,4,1,3,2,6
2,1995,4,3000,5,1,4,2,1
1,1991,4,20000,4,1,5,3,3
2,1997,4,5000,5,1,6,5,1
2,1981,3,3000,4,1,3,2,3
